-- phpMyAdmin SQL Dump
-- version 5.0.4deb2~bpo10+1+bionic1
-- https://www.phpmyadmin.net/
--
-- Hôte : localhost:3306
-- Généré le : mar. 11 mai 2021 à 17:59
-- Version du serveur :  8.0.23
-- Version de PHP : 7.4.16

SET SQL_MODE = "NO_AUTO_VALUE_ON_ZERO";
START TRANSACTION;
SET time_zone = "+00:00";


/*!40101 SET @OLD_CHARACTER_SET_CLIENT=@@CHARACTER_SET_CLIENT */;
/*!40101 SET @OLD_CHARACTER_SET_RESULTS=@@CHARACTER_SET_RESULTS */;
/*!40101 SET @OLD_COLLATION_CONNECTION=@@COLLATION_CONNECTION */;
/*!40101 SET NAMES utf8mb4 */;

--
-- Base de données : `muriqui`
--

-- --------------------------------------------------------

--
-- Structure de la table `extra_files`
--

CREATE TABLE `extra_files` (
  `id` int NOT NULL,
  `record_id` int NOT NULL,
  `filename` varchar(255) NOT NULL
) ENGINE=InnoDB DEFAULT CHARSET=utf8;

-- --------------------------------------------------------

--
-- Structure de la table `meta`
--

CREATE TABLE `meta` (
  `id` int UNSIGNED NOT NULL,
  `table_name` enum('record','production','speaker') NOT NULL DEFAULT 'record',
  `field_name` varchar(50) NOT NULL,
  `type` enum('int','txt','date','float') NOT NULL DEFAULT 'int',
  `label` varchar(255) NOT NULL DEFAULT '',
  `active` tinyint(1) NOT NULL DEFAULT '1',
  `want_filter` tinyint NOT NULL DEFAULT '1'
) ENGINE=InnoDB DEFAULT CHARSET=utf8;

--
-- Déchargement des données de la table `meta`
--

INSERT INTO `meta` (`id`, `table_name`, `field_name`, `type`, `label`, `active`, `want_filter`) VALUES
(1, 'record', 'rg_sample', 'txt', 'Sample', 1, 1),
(2, 'record', 'rg_xchg', 'int', 'Exchange', 1, 1),
(3, 'speaker', 'sex', 'txt', 'Gender', 1, 1),
(4, 'speaker', 'age', 'txt', 'Age Group', 1, 1),
(5, 'record', 'pos', 'int', 'Position within exchange', 1, 1),
(6, 'record', 'ncalls', 'int', 'Number of calls', 1, 1),
(7, 'record', 'date', 'date', 'Recording date', 1, 1),
(8, 'speaker', 'name', 'txt', 'Speaker', 1, 1);

-- --------------------------------------------------------

--
-- Structure de la table `meta_values`
--

CREATE TABLE `meta_values` (
  `tuple_id` int UNSIGNED NOT NULL,
  `meta_id` int UNSIGNED NOT NULL,
  `int_val` int DEFAULT NULL,
  `txt_val` text,
  `date_val` datetime DEFAULT NULL,
  `float_val` float DEFAULT NULL
) ENGINE=InnoDB DEFAULT CHARSET=utf8;

--
-- Déchargement des données de la table `meta_values`
--

INSERT INTO `meta_values` (`tuple_id`, `meta_id`, `int_val`, `txt_val`, `date_val`, `float_val`) VALUES
(1, 1, NULL, '10', NULL, NULL),
(1, 2, 13, NULL, NULL, NULL),
(1, 5, 1, NULL, NULL, NULL),
(1, 6, 1, NULL, NULL, NULL),
(1, 7, NULL, NULL, '1990-09-19 07:50:00', NULL),
(2, 1, NULL, '16', NULL, NULL),
(2, 2, 29, NULL, NULL, NULL),
(2, 3, NULL, 'F', NULL, NULL),
(2, 4, NULL, 'J', NULL, NULL),
(2, 5, 2, NULL, NULL, NULL),
(2, 6, 6, NULL, NULL, NULL),
(2, 7, NULL, NULL, '1990-09-20 07:03:00', NULL),
(2, 8, NULL, 'rita', NULL, NULL),
(3, 1, NULL, '17', NULL, NULL),
(3, 2, 31, NULL, NULL, NULL),
(3, 3, NULL, 'F', NULL, NULL),
(3, 4, NULL, 'A', NULL, NULL),
(3, 5, 1, NULL, NULL, NULL),
(3, 6, 2, NULL, NULL, NULL),
(3, 7, NULL, NULL, '1990-09-20 07:14:00', NULL),
(3, 8, NULL, 'louise', NULL, NULL),
(4, 1, NULL, '17', NULL, NULL),
(4, 2, 31, NULL, NULL, NULL),
(4, 3, NULL, 'F', NULL, NULL),
(4, 4, NULL, 'A', NULL, NULL),
(4, 5, 2, NULL, NULL, NULL),
(4, 6, 2, NULL, NULL, NULL),
(4, 7, NULL, NULL, '1990-09-20 07:14:00', NULL),
(4, 8, NULL, 'mona', NULL, NULL),
(5, 1, NULL, '18', NULL, NULL),
(5, 2, 35, NULL, NULL, NULL),
(5, 3, NULL, 'F', NULL, NULL),
(5, 4, NULL, 'A', NULL, NULL),
(5, 5, 2, NULL, NULL, NULL),
(5, 6, 3, NULL, NULL, NULL),
(5, 7, NULL, NULL, '1990-09-20 07:27:00', NULL),
(5, 8, NULL, 'robin', NULL, NULL),
(6, 1, NULL, 'ad4', NULL, NULL),
(6, 2, 46, NULL, NULL, NULL),
(6, 3, NULL, 'F', NULL, NULL),
(6, 4, NULL, 'A', NULL, NULL),
(6, 5, 1, NULL, NULL, NULL),
(6, 6, 3, NULL, NULL, NULL),
(6, 7, NULL, NULL, '1990-09-20 09:38:00', NULL),
(6, 8, NULL, 'bruna', NULL, NULL),
(7, 1, NULL, 'ad4', NULL, NULL),
(7, 2, 46, NULL, NULL, NULL),
(7, 3, NULL, 'M', NULL, NULL),
(7, 4, NULL, 'S', NULL, NULL),
(7, 5, 2, NULL, NULL, NULL),
(7, 6, 3, NULL, NULL, NULL),
(7, 7, NULL, NULL, '1990-09-20 09:38:00', NULL),
(7, 8, NULL, 'americo', NULL, NULL),
(8, 1, NULL, 'ad5', NULL, NULL),
(8, 2, 58, NULL, NULL, NULL),
(8, 3, NULL, 'F', NULL, NULL),
(8, 4, NULL, 'A', NULL, NULL),
(8, 5, 1, NULL, NULL, NULL),
(8, 6, 2, NULL, NULL, NULL),
(8, 7, NULL, NULL, '1990-09-23 07:50:00', NULL),
(8, 8, NULL, 'cher', NULL, NULL),
(9, 1, NULL, '26', NULL, NULL),
(9, 2, 61, NULL, NULL, NULL),
(9, 3, NULL, 'F', NULL, NULL),
(9, 4, NULL, 'J', NULL, NULL),
(9, 5, 1, NULL, NULL, NULL),
(9, 6, 5, NULL, NULL, NULL),
(9, 7, NULL, NULL, '1990-09-23 07:58:00', NULL),
(9, 8, NULL, 'brigitte', NULL, NULL),
(10, 1, NULL, '27', NULL, NULL),
(10, 2, 64, NULL, NULL, NULL),
(10, 3, NULL, 'F', NULL, NULL),
(10, 4, NULL, 'A', NULL, NULL),
(10, 5, 1, NULL, NULL, NULL),
(10, 6, 4, NULL, NULL, NULL),
(10, 7, NULL, NULL, '1990-09-23 08:08:00', NULL),
(10, 8, NULL, 'blackie', NULL, NULL),
(11, 1, NULL, '27', NULL, NULL),
(11, 2, 64, NULL, NULL, NULL),
(11, 3, NULL, 'F', NULL, NULL),
(11, 4, NULL, 'A', NULL, NULL),
(11, 5, 2, NULL, NULL, NULL),
(11, 6, 4, NULL, NULL, NULL),
(11, 7, NULL, NULL, '1990-09-23 08:08:00', NULL),
(11, 8, NULL, 'nancy', NULL, NULL),
(12, 1, NULL, 'ad6', NULL, NULL),
(12, 2, 66, NULL, NULL, NULL),
(12, 3, NULL, 'M', NULL, NULL),
(12, 4, NULL, 'A', NULL, NULL),
(12, 5, 2, NULL, NULL, NULL),
(12, 6, 5, NULL, NULL, NULL),
(12, 7, NULL, NULL, '1990-09-23 08:15:00', NULL),
(12, 8, NULL, 'zorro', NULL, NULL),
(13, 1, NULL, 'ad6', NULL, NULL),
(13, 2, 66, NULL, NULL, NULL),
(13, 3, NULL, 'M', NULL, NULL),
(13, 4, NULL, 'A', NULL, NULL),
(13, 5, 3, NULL, NULL, NULL),
(13, 6, 5, NULL, NULL, NULL),
(13, 7, NULL, NULL, '1990-09-23 08:15:00', NULL),
(13, 8, NULL, 'nilo', NULL, NULL),
(14, 1, NULL, 'ad6', NULL, NULL),
(14, 2, 66, NULL, NULL, NULL),
(14, 3, NULL, 'F', NULL, NULL),
(14, 4, NULL, 'S', NULL, NULL),
(14, 5, 4, NULL, NULL, NULL),
(14, 6, 5, NULL, NULL, NULL),
(14, 7, NULL, NULL, '1990-09-23 08:15:00', NULL),
(14, 8, NULL, 'pricila', NULL, NULL),
(15, 1, NULL, '28', NULL, NULL),
(15, 2, 68, NULL, NULL, NULL),
(15, 3, NULL, 'F', NULL, NULL),
(15, 4, NULL, 'A', NULL, NULL),
(15, 5, 1, NULL, NULL, NULL),
(15, 6, 4, NULL, NULL, NULL),
(15, 7, NULL, NULL, '1990-09-23 08:19:00', NULL),
(15, 8, NULL, 'arlene', NULL, NULL),
(16, 1, NULL, '28', NULL, NULL),
(16, 2, 70, NULL, NULL, NULL),
(16, 3, NULL, 'F', NULL, NULL),
(16, 4, NULL, 'S', NULL, NULL),
(16, 5, 1, NULL, NULL, NULL),
(16, 6, 1, NULL, NULL, NULL),
(16, 7, NULL, NULL, '1990-09-23 08:19:00', NULL),
(16, 8, NULL, 'julia', NULL, NULL),
(17, 1, NULL, 'ad7', NULL, NULL),
(17, 2, 73, NULL, NULL, NULL),
(17, 3, NULL, 'F', NULL, NULL),
(17, 4, NULL, 'A', NULL, NULL),
(17, 5, 3, NULL, NULL, NULL),
(17, 6, 4, NULL, NULL, NULL),
(17, 7, NULL, NULL, '1990-09-23 00:00:00', NULL),
(17, 8, NULL, 'sylvia', NULL, NULL),
(18, 1, NULL, 'ad7', NULL, NULL),
(18, 2, 74, NULL, NULL, NULL),
(18, 3, NULL, 'F', NULL, NULL),
(18, 4, NULL, 'S', NULL, NULL),
(18, 5, 3, NULL, NULL, NULL),
(18, 6, 3, NULL, NULL, NULL),
(18, 7, NULL, NULL, '1990-09-23 00:00:00', NULL),
(18, 8, NULL, 'karen', NULL, NULL),
(19, 1, NULL, '29', NULL, NULL),
(19, 2, 76, NULL, NULL, NULL),
(19, 3, NULL, 'F', NULL, NULL),
(19, 4, NULL, 'A', NULL, NULL),
(19, 5, 1, NULL, NULL, NULL),
(19, 6, 3, NULL, NULL, NULL),
(19, 7, NULL, NULL, '1990-09-23 00:00:00', NULL),
(19, 8, NULL, 'bess', NULL, NULL),
(20, 1, NULL, '29', NULL, NULL),
(20, 2, 77, NULL, NULL, NULL),
(20, 3, NULL, 'M', NULL, NULL),
(20, 4, NULL, 'S', NULL, NULL),
(20, 5, 1, NULL, NULL, NULL),
(20, 6, 2, NULL, NULL, NULL),
(20, 7, NULL, NULL, '1990-09-23 00:00:00', NULL),
(20, 8, NULL, 'daniel', NULL, NULL),
(21, 1, NULL, '29', NULL, NULL),
(21, 2, 77, NULL, NULL, NULL),
(21, 3, NULL, 'M', NULL, NULL),
(21, 4, NULL, 'A', NULL, NULL),
(21, 5, 2, NULL, NULL, NULL),
(21, 6, 2, NULL, NULL, NULL),
(21, 7, NULL, NULL, '1990-09-23 00:00:00', NULL),
(21, 8, NULL, 'paremaguila', NULL, NULL),
(22, 1, NULL, '29', NULL, NULL),
(22, 2, 78, NULL, NULL, NULL),
(22, 3, NULL, 'F', NULL, NULL),
(22, 4, NULL, 'S', NULL, NULL),
(22, 5, 1, NULL, NULL, NULL),
(22, 6, 1, NULL, NULL, NULL),
(22, 7, NULL, NULL, '1990-09-23 00:00:00', NULL),
(22, 8, NULL, 'thereza', NULL, NULL),
(23, 1, NULL, '29', NULL, NULL),
(23, 2, 79, NULL, NULL, NULL),
(23, 3, NULL, 'M', NULL, NULL),
(23, 4, NULL, 'A', NULL, NULL),
(23, 5, 1, NULL, NULL, NULL),
(23, 6, 3, NULL, NULL, NULL),
(23, 7, NULL, NULL, '1990-09-23 00:00:00', NULL),
(23, 8, NULL, 'cutlip', NULL, NULL),
(24, 1, NULL, '29', NULL, NULL),
(24, 2, 79, NULL, NULL, NULL),
(24, 3, NULL, 'M', NULL, NULL),
(24, 4, NULL, 'A', NULL, NULL),
(24, 5, 2, NULL, NULL, NULL),
(24, 6, 3, NULL, NULL, NULL),
(24, 7, NULL, NULL, '1990-09-23 00:00:00', NULL),
(24, 8, NULL, 'scruff', NULL, NULL),
(25, 1, NULL, 'ad8', NULL, NULL),
(25, 2, 81, NULL, NULL, NULL),
(25, 3, NULL, 'M', NULL, NULL),
(25, 4, NULL, 'J', NULL, NULL),
(25, 5, 4, NULL, NULL, NULL),
(25, 6, 9, NULL, NULL, NULL),
(25, 7, NULL, NULL, '1990-09-23 00:00:00', NULL),
(25, 8, NULL, 'angelo', NULL, NULL),
(26, 1, NULL, 'ad8', NULL, NULL),
(26, 2, 82, NULL, NULL, NULL),
(26, 3, NULL, 'F', NULL, NULL),
(26, 4, NULL, 'S', NULL, NULL),
(26, 5, 1, NULL, NULL, NULL),
(26, 6, 1, NULL, NULL, NULL),
(26, 7, NULL, NULL, '1990-09-23 00:00:00', NULL),
(26, 8, NULL, 'fernanda', NULL, NULL),
(27, 1, NULL, 'ad8', NULL, NULL),
(27, 2, 84, NULL, NULL, NULL),
(27, 3, NULL, 'F', NULL, NULL),
(27, 4, NULL, 'I', NULL, NULL),
(27, 5, 1, NULL, NULL, NULL),
(27, 6, 2, NULL, NULL, NULL),
(27, 7, NULL, NULL, '1990-09-23 00:00:00', NULL),
(27, 8, NULL, 'sandra', NULL, NULL),
(28, 1, NULL, '32', NULL, NULL),
(28, 2, 89, NULL, NULL, NULL),
(28, 3, NULL, 'M', NULL, NULL),
(28, 4, NULL, 'A', NULL, NULL),
(28, 5, 5, NULL, NULL, NULL),
(28, 6, 5, NULL, NULL, NULL),
(28, 7, NULL, NULL, '1990-09-23 00:00:00', NULL),
(28, 8, NULL, 'preto', NULL, NULL),
(29, 1, NULL, '32', NULL, NULL),
(29, 2, 89, NULL, NULL, NULL),
(29, 3, NULL, 'F', NULL, NULL),
(29, 4, NULL, 'I', NULL, NULL),
(29, 6, 5, NULL, NULL, NULL),
(29, 7, NULL, NULL, '1990-09-23 00:00:00', NULL),
(29, 8, NULL, 'madalena', NULL, NULL),
(30, 1, NULL, '32', NULL, NULL),
(30, 2, 89, NULL, NULL, NULL),
(30, 3, NULL, 'F', NULL, NULL),
(30, 4, NULL, 'A', NULL, NULL),
(30, 6, 5, NULL, NULL, NULL),
(30, 7, NULL, NULL, '1990-09-23 00:00:00', NULL),
(30, 8, NULL, 'didi', NULL, NULL),
(31, 1, NULL, '32', NULL, NULL),
(31, 2, 89, NULL, NULL, NULL),
(31, 3, NULL, 'F', NULL, NULL),
(31, 4, NULL, 'S', NULL, NULL),
(31, 6, 5, NULL, NULL, NULL),
(31, 7, NULL, NULL, '1990-09-23 00:00:00', NULL),
(31, 8, NULL, 'helena', NULL, NULL),
(32, 1, NULL, 'ad11', NULL, NULL),
(32, 2, 108, NULL, NULL, NULL),
(32, 3, NULL, 'M', NULL, NULL),
(32, 4, NULL, 'A', NULL, NULL),
(32, 5, 1, NULL, NULL, NULL),
(32, 6, 3, NULL, NULL, NULL),
(32, 7, NULL, NULL, '1990-09-26 00:00:00', NULL),
(32, 8, NULL, 'diego', NULL, NULL),
(33, 1, NULL, '39', NULL, NULL),
(33, 2, 116, NULL, NULL, NULL),
(33, 3, NULL, 'M', NULL, NULL),
(33, 4, NULL, 'A', NULL, NULL),
(33, 5, 1, NULL, NULL, NULL),
(33, 6, 1, NULL, NULL, NULL),
(33, 7, NULL, NULL, '1990-09-26 00:00:00', NULL),
(33, 8, NULL, 'sony', NULL, NULL),
(34, 1, NULL, 'ad12', NULL, NULL),
(34, 2, 121, NULL, NULL, NULL),
(34, 3, NULL, 'M', NULL, NULL),
(34, 4, NULL, 'A', NULL, NULL),
(34, 5, 2, NULL, NULL, NULL),
(34, 6, 4, NULL, NULL, NULL),
(34, 7, NULL, NULL, '1990-09-26 00:00:00', NULL),
(34, 8, NULL, 'irv', NULL, NULL),
(35, 1, NULL, 'ad12', NULL, NULL),
(35, 2, 122, NULL, NULL, NULL),
(35, 3, NULL, 'M', NULL, NULL),
(35, 4, NULL, 'I', NULL, NULL),
(35, 5, 1, NULL, NULL, NULL),
(35, 6, 3, NULL, NULL, NULL),
(35, 7, NULL, NULL, '1990-09-26 00:00:00', NULL),
(35, 8, NULL, 'bernardo', NULL, NULL),
(36, 1, NULL, '48', NULL, NULL),
(36, 2, 142, NULL, NULL, NULL),
(36, 3, NULL, 'F', NULL, NULL),
(36, 4, NULL, 'I', NULL, NULL),
(36, 5, 7, NULL, NULL, NULL),
(36, 6, 8, NULL, NULL, NULL),
(36, 7, NULL, NULL, '1990-09-26 00:00:00', NULL),
(36, 8, NULL, 'catarina', NULL, NULL),
(37, 1, NULL, '48', NULL, NULL),
(37, 2, 144, NULL, NULL, NULL),
(37, 3, NULL, 'M', NULL, NULL),
(37, 4, NULL, 'A', NULL, NULL),
(37, 5, 3, NULL, NULL, NULL),
(37, 6, 6, NULL, NULL, NULL),
(37, 7, NULL, NULL, '1990-09-26 00:00:00', NULL),
(37, 8, NULL, 'risquinho', NULL, NULL),
(38, 1, NULL, '50', NULL, NULL),
(38, 2, 151, NULL, NULL, NULL),
(38, 3, NULL, 'M', NULL, NULL),
(38, 4, NULL, 'A', NULL, NULL),
(38, 5, 2, NULL, NULL, NULL),
(38, 6, 5, NULL, NULL, NULL),
(38, 7, NULL, NULL, '1990-09-26 00:00:00', NULL),
(38, 8, NULL, 'clyde', NULL, NULL),
(39, 1, NULL, '50', NULL, NULL),
(39, 2, 152, NULL, NULL, NULL),
(39, 3, NULL, 'M', NULL, NULL),
(39, 4, NULL, 'A', NULL, NULL),
(39, 5, 3, NULL, NULL, NULL),
(39, 6, 4, NULL, NULL, NULL),
(39, 7, NULL, NULL, '1990-09-26 00:00:00', NULL),
(39, 8, NULL, 'zoiudo', NULL, NULL),
(40, 1, NULL, '50', NULL, NULL),
(40, 2, 153, NULL, NULL, NULL),
(40, 3, NULL, 'F', NULL, NULL),
(40, 4, NULL, 'I', NULL, NULL),
(40, 5, 2, NULL, NULL, NULL),
(40, 6, 3, NULL, NULL, NULL),
(40, 7, NULL, NULL, '1990-09-26 00:00:00', NULL),
(40, 8, NULL, 'dian', NULL, NULL),
(41, 1, NULL, '54', NULL, NULL),
(41, 2, 163, NULL, NULL, NULL),
(41, 5, 1, NULL, NULL, NULL),
(41, 6, 1, NULL, NULL, NULL),
(41, 7, NULL, NULL, '1990-09-27 00:00:00', NULL),
(42, 1, NULL, 'ad13', NULL, NULL),
(42, 2, 166, NULL, NULL, NULL),
(42, 5, 6, NULL, NULL, NULL),
(42, 6, 8, NULL, NULL, NULL),
(42, 7, NULL, NULL, '1990-09-27 00:00:00', NULL),
(43, 1, NULL, '58', NULL, NULL),
(43, 2, 174, NULL, NULL, NULL),
(43, 5, 1, NULL, NULL, NULL),
(43, 6, 1, NULL, NULL, NULL),
(43, 7, NULL, NULL, '1990-09-27 00:00:00', NULL),
(44, 1, NULL, '59', NULL, NULL),
(44, 2, 177, NULL, NULL, NULL),
(44, 5, 6, NULL, NULL, NULL),
(44, 6, 8, NULL, NULL, NULL),
(44, 7, NULL, NULL, '1990-09-27 00:00:00', NULL),
(45, 1, NULL, '62', NULL, NULL),
(45, 2, 184, NULL, NULL, NULL),
(45, 5, 12, NULL, NULL, NULL),
(45, 6, 12, NULL, NULL, NULL),
(45, 7, NULL, NULL, '1990-09-27 00:00:00', NULL),
(46, 1, NULL, 'ad15', NULL, NULL),
(46, 2, 186, NULL, NULL, NULL),
(46, 5, 8, NULL, NULL, NULL),
(46, 6, 9, NULL, NULL, NULL),
(46, 7, NULL, NULL, '1990-09-27 00:00:00', NULL),
(47, 1, NULL, '63', NULL, NULL),
(47, 2, 188, NULL, NULL, NULL),
(47, 5, 2, NULL, NULL, NULL),
(47, 6, 3, NULL, NULL, NULL),
(47, 7, NULL, NULL, '1990-09-27 00:00:00', NULL),
(48, 1, NULL, '67', NULL, NULL),
(48, 2, 201, NULL, NULL, NULL),
(48, 6, 5, NULL, NULL, NULL),
(48, 7, NULL, NULL, '1990-09-27 00:00:00', NULL),
(49, 1, NULL, 'ad16b', NULL, NULL),
(49, 2, 203, NULL, NULL, NULL),
(49, 5, 1, NULL, NULL, NULL),
(49, 6, 2, NULL, NULL, NULL),
(49, 7, NULL, NULL, '1990-09-27 00:00:00', NULL),
(50, 1, NULL, '67', NULL, NULL),
(50, 2, 206, NULL, NULL, NULL),
(50, 5, 2, NULL, NULL, NULL),
(50, 6, 2, NULL, NULL, NULL),
(50, 7, NULL, NULL, '1990-09-27 00:00:00', NULL),
(51, 1, NULL, 'ad17', NULL, NULL),
(51, 2, 214, NULL, NULL, NULL),
(51, 5, 7, NULL, NULL, NULL),
(51, 6, 8, NULL, NULL, NULL),
(51, 7, NULL, NULL, '1990-09-28 00:00:00', NULL),
(52, 1, NULL, '71', NULL, NULL),
(52, 2, 222, NULL, NULL, NULL),
(52, 5, 1, NULL, NULL, NULL),
(52, 6, 1, NULL, NULL, NULL),
(52, 7, NULL, NULL, '1990-09-28 00:00:00', NULL),
(53, 1, NULL, '73', NULL, NULL),
(53, 2, 233, NULL, NULL, NULL),
(53, 5, 4, NULL, NULL, NULL),
(53, 6, 8, NULL, NULL, NULL),
(53, 7, NULL, NULL, '1990-09-28 00:00:00', NULL),
(54, 1, NULL, '75', NULL, NULL),
(54, 2, 236, NULL, NULL, NULL),
(54, 5, 10, NULL, NULL, NULL),
(54, 6, 10, NULL, NULL, NULL),
(54, 7, NULL, NULL, '1990-09-28 00:00:00', NULL),
(55, 1, NULL, 'ad19', NULL, NULL),
(55, 2, 243, NULL, NULL, NULL),
(55, 5, 1, NULL, NULL, NULL),
(55, 6, 2, NULL, NULL, NULL),
(55, 7, NULL, NULL, '1990-09-28 00:00:00', NULL),
(56, 1, NULL, '77', NULL, NULL),
(56, 2, 252, NULL, NULL, NULL),
(56, 5, 5, NULL, NULL, NULL),
(56, 6, 5, NULL, NULL, NULL),
(56, 7, NULL, NULL, '1990-09-28 00:00:00', NULL),
(57, 1, NULL, '77', NULL, NULL),
(57, 2, 253, NULL, NULL, NULL),
(57, 5, 3, NULL, NULL, NULL),
(57, 6, 9, NULL, NULL, NULL),
(57, 7, NULL, NULL, '1990-09-28 00:00:00', NULL),
(58, 1, NULL, '78', NULL, NULL),
(58, 2, 256, NULL, NULL, NULL),
(58, 5, 4, NULL, NULL, NULL),
(58, 6, 10, NULL, NULL, NULL),
(58, 7, NULL, NULL, '1990-09-28 00:00:00', NULL),
(59, 1, NULL, '79', NULL, NULL),
(59, 2, 261, NULL, NULL, NULL),
(59, 5, 1, NULL, NULL, NULL),
(59, 6, 1, NULL, NULL, NULL),
(59, 7, NULL, NULL, '1990-09-28 00:00:00', NULL),
(60, 1, NULL, '79', NULL, NULL),
(60, 2, 262, NULL, NULL, NULL),
(60, 5, 1, NULL, NULL, NULL),
(60, 6, 4, NULL, NULL, NULL),
(60, 7, NULL, NULL, '1990-09-28 00:00:00', NULL),
(61, 1, NULL, 'ad21', NULL, NULL),
(61, 2, 269, NULL, NULL, NULL),
(61, 5, 1, NULL, NULL, NULL),
(61, 6, 3, NULL, NULL, NULL),
(61, 7, NULL, NULL, '1990-09-29 00:00:00', NULL),
(62, 1, NULL, '84', NULL, NULL),
(62, 2, 277, NULL, NULL, NULL),
(62, 5, 1, NULL, NULL, NULL),
(62, 6, 1, NULL, NULL, NULL),
(62, 7, NULL, NULL, '1990-09-29 00:00:00', NULL),
(63, 1, NULL, '84', NULL, NULL),
(63, 2, 278, NULL, NULL, NULL),
(63, 5, 2, NULL, NULL, NULL),
(63, 6, 5, NULL, NULL, NULL),
(63, 7, NULL, NULL, '1990-09-29 00:00:00', NULL),
(64, 1, NULL, 'ad23', NULL, NULL),
(64, 2, 280, NULL, NULL, NULL),
(64, 5, 1, NULL, NULL, NULL),
(64, 6, 1, NULL, NULL, NULL),
(64, 7, NULL, NULL, '1990-09-29 00:00:00', NULL),
(65, 1, NULL, '86', NULL, NULL),
(65, 2, 286, NULL, NULL, NULL),
(65, 5, 3, NULL, NULL, NULL),
(65, 6, 8, NULL, NULL, NULL),
(65, 7, NULL, NULL, '1990-09-29 00:00:00', NULL),
(66, 1, NULL, 'ad24', NULL, NULL),
(66, 2, 291, NULL, NULL, NULL),
(66, 5, 2, NULL, NULL, NULL),
(66, 6, 6, NULL, NULL, NULL),
(66, 7, NULL, NULL, '1990-09-29 00:00:00', NULL),
(67, 1, NULL, 'ad24', NULL, NULL),
(67, 2, 292, NULL, NULL, NULL),
(67, 5, 3, NULL, NULL, NULL),
(67, 6, 7, NULL, NULL, NULL),
(67, 7, NULL, NULL, '1990-09-29 00:00:00', NULL),
(68, 1, NULL, 'ad24', NULL, NULL),
(68, 2, 295, NULL, NULL, NULL),
(68, 5, 5, NULL, NULL, NULL),
(68, 6, 7, NULL, NULL, NULL),
(68, 7, NULL, NULL, '1990-09-29 00:00:00', NULL),
(69, 1, NULL, '90', NULL, NULL),
(69, 2, 304, NULL, NULL, NULL),
(69, 5, 1, NULL, NULL, NULL),
(69, 6, 3, NULL, NULL, NULL),
(69, 7, NULL, NULL, '1990-10-04 00:00:00', NULL),
(70, 1, NULL, '90', NULL, NULL),
(70, 2, 304, NULL, NULL, NULL),
(70, 5, 2, NULL, NULL, NULL),
(70, 6, 3, NULL, NULL, NULL),
(70, 7, NULL, NULL, '1990-10-04 00:00:00', NULL),
(71, 1, NULL, '90', NULL, NULL),
(71, 2, 305, NULL, NULL, NULL),
(71, 5, 1, NULL, NULL, NULL),
(71, 6, 1, NULL, NULL, NULL),
(71, 7, NULL, NULL, '1990-10-04 00:00:00', NULL),
(72, 1, NULL, '90', NULL, NULL),
(72, 2, 306, NULL, NULL, NULL),
(72, 5, 2, NULL, NULL, NULL),
(72, 6, 2, NULL, NULL, NULL),
(72, 7, NULL, NULL, '1990-10-04 00:00:00', NULL),
(73, 1, NULL, '91', NULL, NULL),
(73, 2, 308, NULL, NULL, NULL),
(73, 5, 1, NULL, NULL, NULL),
(73, 6, 1, NULL, NULL, NULL),
(73, 7, NULL, NULL, '1990-10-04 00:00:00', NULL),
(74, 1, NULL, '91', NULL, NULL),
(74, 2, 309, NULL, NULL, NULL),
(74, 5, 1, NULL, NULL, NULL),
(74, 6, 1, NULL, NULL, NULL),
(74, 7, NULL, NULL, '1990-10-04 00:00:00', NULL),
(75, 1, NULL, 'ad25', NULL, NULL),
(75, 2, 314, NULL, NULL, NULL),
(75, 5, 2, NULL, NULL, NULL),
(75, 6, 4, NULL, NULL, NULL),
(75, 7, NULL, NULL, '1990-10-04 00:00:00', NULL),
(76, 1, NULL, 'ad25', NULL, NULL),
(76, 2, 314, NULL, NULL, NULL),
(76, 5, 3, NULL, NULL, NULL),
(76, 6, 4, NULL, NULL, NULL),
(76, 7, NULL, NULL, '1990-10-04 00:00:00', NULL),
(77, 1, NULL, 'ad25', NULL, NULL),
(77, 2, 314, NULL, NULL, NULL),
(77, 5, 4, NULL, NULL, NULL),
(77, 6, 4, NULL, NULL, NULL),
(77, 7, NULL, NULL, '1990-10-04 00:00:00', NULL),
(78, 1, NULL, '98', NULL, NULL),
(78, 2, 333, NULL, NULL, NULL),
(78, 5, 1, NULL, NULL, NULL),
(78, 6, 1, NULL, NULL, NULL),
(78, 7, NULL, NULL, '1990-10-04 00:00:00', NULL),
(79, 1, NULL, '98', NULL, NULL),
(79, 2, 334, NULL, NULL, NULL),
(79, 5, 1, NULL, NULL, NULL),
(79, 6, 1, NULL, NULL, NULL),
(79, 7, NULL, NULL, '1990-10-04 00:00:00', NULL),
(80, 1, NULL, '99', NULL, NULL),
(80, 2, 336, NULL, NULL, NULL),
(80, 5, 1, NULL, NULL, NULL),
(80, 6, 2, NULL, NULL, NULL),
(80, 7, NULL, NULL, '1990-10-04 00:00:00', NULL),
(81, 1, NULL, '100', NULL, NULL),
(81, 2, 339, NULL, NULL, NULL),
(81, 5, 1, NULL, NULL, NULL),
(81, 6, 3, NULL, NULL, NULL),
(81, 7, NULL, NULL, '1990-10-04 00:00:00', NULL),
(82, 1, NULL, '100', NULL, NULL),
(82, 2, 340, NULL, NULL, NULL),
(82, 5, 1, NULL, NULL, NULL),
(82, 6, 1, NULL, NULL, NULL),
(82, 7, NULL, NULL, '1990-10-04 00:00:00', NULL),
(83, 1, NULL, '100', NULL, NULL),
(83, 2, 341, NULL, NULL, NULL),
(83, 5, 2, NULL, NULL, NULL),
(83, 6, 2, NULL, NULL, NULL),
(83, 7, NULL, NULL, '1990-10-04 00:00:00', NULL),
(84, 1, NULL, '101', NULL, NULL),
(84, 2, 344, NULL, NULL, NULL),
(84, 5, 3, NULL, NULL, NULL),
(84, 6, 4, NULL, NULL, NULL),
(84, 7, NULL, NULL, '1990-10-04 00:00:00', NULL),
(85, 1, NULL, '101', NULL, NULL),
(85, 2, 344, NULL, NULL, NULL),
(85, 5, 4, NULL, NULL, NULL),
(85, 6, 4, NULL, NULL, NULL),
(85, 7, NULL, NULL, '1990-10-04 00:00:00', NULL),
(86, 1, NULL, 'ad26', NULL, NULL),
(86, 2, 351, NULL, NULL, NULL),
(86, 5, 2, NULL, NULL, NULL),
(86, 6, 9, NULL, NULL, NULL),
(86, 7, NULL, NULL, '1990-10-04 00:00:00', NULL),
(87, 1, NULL, '103', NULL, NULL),
(87, 2, 353, NULL, NULL, NULL),
(87, 5, 10, NULL, NULL, NULL),
(87, 6, 15, NULL, NULL, NULL),
(87, 7, NULL, NULL, '1990-10-04 00:00:00', NULL),
(88, 1, NULL, '105', NULL, NULL),
(88, 2, 358, NULL, NULL, NULL),
(88, 5, 5, NULL, NULL, NULL),
(88, 6, 5, NULL, NULL, NULL),
(88, 7, NULL, NULL, '1990-10-05 00:00:00', NULL),
(89, 1, NULL, '106', NULL, NULL),
(89, 2, 360, NULL, NULL, NULL),
(89, 5, 1, NULL, NULL, NULL),
(89, 6, 1, NULL, NULL, NULL),
(89, 7, NULL, NULL, '1990-10-05 00:00:00', NULL),
(90, 1, NULL, '106', NULL, NULL),
(90, 2, 361, NULL, NULL, NULL),
(90, 5, 1, NULL, NULL, NULL),
(90, 6, 1, NULL, NULL, NULL),
(90, 7, NULL, NULL, '1990-10-05 00:00:00', NULL),
(91, 1, NULL, '110', NULL, NULL),
(91, 2, 370, NULL, NULL, NULL),
(91, 5, 1, NULL, NULL, NULL),
(91, 6, 1, NULL, NULL, NULL),
(91, 7, NULL, NULL, '1990-10-05 00:00:00', NULL),
(92, 1, NULL, '113', NULL, NULL),
(92, 2, 377, NULL, NULL, NULL),
(92, 5, 1, NULL, NULL, NULL),
(92, 6, 1, NULL, NULL, NULL),
(92, 7, NULL, NULL, '1990-10-05 00:00:00', NULL),
(93, 1, NULL, 'ad27', NULL, NULL),
(93, 2, 386, NULL, NULL, NULL),
(93, 5, 6, NULL, NULL, NULL),
(93, 6, 6, NULL, NULL, NULL),
(93, 7, NULL, NULL, '1990-10-05 00:00:00', NULL),
(94, 1, NULL, 'ad27', NULL, NULL),
(94, 2, 387, NULL, NULL, NULL),
(94, 5, 1, NULL, NULL, NULL),
(94, 6, 4, NULL, NULL, NULL),
(94, 7, NULL, NULL, '1990-10-05 00:00:00', NULL),
(95, 1, NULL, 'ad27', NULL, NULL),
(95, 2, 388, NULL, NULL, NULL),
(95, 5, 1, NULL, NULL, NULL),
(95, 6, 3, NULL, NULL, NULL),
(95, 7, NULL, NULL, '1990-10-05 00:00:00', NULL),
(96, 1, NULL, '117', NULL, NULL),
(96, 2, 390, NULL, NULL, NULL),
(96, 5, 1, NULL, NULL, NULL),
(96, 6, 4, NULL, NULL, NULL),
(96, 7, NULL, NULL, '1990-10-05 00:00:00', NULL),
(97, 1, NULL, '117', NULL, NULL),
(97, 2, 391, NULL, NULL, NULL),
(97, 5, 1, NULL, NULL, NULL),
(97, 6, 1, NULL, NULL, NULL),
(97, 7, NULL, NULL, '1990-10-05 00:00:00', NULL),
(98, 1, NULL, '118', NULL, NULL),
(98, 2, 393, NULL, NULL, NULL),
(98, 5, 1, NULL, NULL, NULL),
(98, 6, 1, NULL, NULL, NULL),
(98, 7, NULL, NULL, '1990-10-05 00:00:00', NULL),
(99, 1, NULL, '118', NULL, NULL),
(99, 2, 397, NULL, NULL, NULL),
(99, 5, 1, NULL, NULL, NULL),
(99, 6, 2, NULL, NULL, NULL),
(99, 7, NULL, NULL, '1990-10-05 00:00:00', NULL),
(100, 1, NULL, '118', NULL, NULL),
(100, 2, 397, NULL, NULL, NULL),
(100, 5, 2, NULL, NULL, NULL),
(100, 6, 2, NULL, NULL, NULL),
(100, 7, NULL, NULL, '1990-10-05 00:00:00', NULL),
(101, 1, NULL, '119', NULL, NULL),
(101, 2, 399, NULL, NULL, NULL),
(101, 5, 1, NULL, NULL, NULL),
(101, 6, 2, NULL, NULL, NULL),
(101, 7, NULL, NULL, '1990-10-05 00:00:00', NULL),
(102, 1, NULL, '119', NULL, NULL),
(102, 2, 399, NULL, NULL, NULL),
(102, 5, 2, NULL, NULL, NULL),
(102, 6, 2, NULL, NULL, NULL),
(102, 7, NULL, NULL, '1990-10-05 00:00:00', NULL),
(103, 1, NULL, '119', NULL, NULL),
(103, 2, 400, NULL, NULL, NULL),
(103, 5, 2, NULL, NULL, NULL),
(103, 6, 5, NULL, NULL, NULL),
(103, 7, NULL, NULL, '1990-10-05 00:00:00', NULL),
(104, 1, NULL, '119', NULL, NULL),
(104, 2, 400, NULL, NULL, NULL),
(104, 5, 5, NULL, NULL, NULL),
(104, 6, 5, NULL, NULL, NULL),
(104, 7, NULL, NULL, '1990-10-05 00:00:00', NULL),
(105, 1, NULL, 'ad28', NULL, NULL),
(105, 2, 402, NULL, NULL, NULL),
(105, 5, 2, NULL, NULL, NULL),
(105, 6, 5, NULL, NULL, NULL),
(105, 7, NULL, NULL, '1990-10-05 00:00:00', NULL),
(106, 1, NULL, 'ad28', NULL, NULL),
(106, 2, 402, NULL, NULL, NULL),
(106, 5, 4, NULL, NULL, NULL),
(106, 6, 5, NULL, NULL, NULL),
(106, 7, NULL, NULL, '1990-10-05 00:00:00', NULL),
(107, 1, NULL, 'ad28', NULL, NULL),
(107, 2, 402, NULL, NULL, NULL),
(107, 5, 5, NULL, NULL, NULL),
(107, 6, 5, NULL, NULL, NULL),
(107, 7, NULL, NULL, '1990-10-05 00:00:00', NULL),
(108, 1, NULL, '121', NULL, NULL),
(108, 2, 408, NULL, NULL, NULL),
(108, 5, 1, NULL, NULL, NULL),
(108, 6, 1, NULL, NULL, NULL),
(108, 7, NULL, NULL, '1990-10-06 00:00:00', NULL),
(109, 1, NULL, '121', NULL, NULL),
(109, 2, 410, NULL, NULL, NULL),
(109, 5, 1, NULL, NULL, NULL),
(109, 6, 1, NULL, NULL, NULL),
(109, 7, NULL, NULL, '1990-10-06 00:00:00', NULL),
(110, 1, NULL, '122', NULL, NULL),
(110, 2, 413, NULL, NULL, NULL),
(110, 5, 1, NULL, NULL, NULL),
(110, 6, 1, NULL, NULL, NULL),
(110, 7, NULL, NULL, '1990-10-06 00:00:00', NULL),
(111, 1, NULL, '124', NULL, NULL),
(111, 2, 422, NULL, NULL, NULL),
(111, 5, 4, NULL, NULL, NULL),
(111, 6, 4, NULL, NULL, NULL),
(111, 7, NULL, NULL, '1990-10-06 00:00:00', NULL),
(112, 1, NULL, 'ad30', NULL, NULL),
(112, 2, 434, NULL, NULL, NULL),
(112, 5, 3, NULL, NULL, NULL),
(112, 6, 6, NULL, NULL, NULL),
(112, 7, NULL, NULL, '1990-10-06 00:00:00', NULL),
(113, 1, NULL, '127', NULL, NULL),
(113, 2, 441, NULL, NULL, NULL),
(113, 5, 6, NULL, NULL, NULL),
(113, 6, 8, NULL, NULL, NULL),
(113, 7, NULL, NULL, '1990-10-06 00:00:00', NULL),
(114, 1, NULL, 'ad31', NULL, NULL),
(114, 2, 452, NULL, NULL, NULL),
(114, 5, 4, NULL, NULL, NULL),
(114, 6, 4, NULL, NULL, NULL),
(114, 7, NULL, NULL, '1990-10-10 00:00:00', NULL),
(115, 1, NULL, '143', NULL, NULL),
(115, 2, 469, NULL, NULL, NULL),
(115, 5, 2, NULL, NULL, NULL),
(115, 6, 4, NULL, NULL, NULL),
(115, 7, NULL, NULL, '1990-10-10 00:00:00', NULL),
(116, 1, NULL, '143', NULL, NULL),
(116, 2, 469, NULL, NULL, NULL),
(116, 5, 3, NULL, NULL, NULL),
(116, 6, 4, NULL, NULL, NULL),
(116, 7, NULL, NULL, '1990-10-10 00:00:00', NULL),
(117, 1, NULL, '143', NULL, NULL),
(117, 2, 470, NULL, NULL, NULL),
(117, 5, 1, NULL, NULL, NULL),
(117, 6, 1, NULL, NULL, NULL),
(117, 7, NULL, NULL, '1990-10-10 00:00:00', NULL),
(118, 1, NULL, '145', NULL, NULL),
(118, 2, 476, NULL, NULL, NULL),
(118, 5, 2, NULL, NULL, NULL),
(118, 6, 6, NULL, NULL, NULL),
(118, 7, NULL, NULL, '1990-10-10 00:00:00', NULL),
(119, 1, NULL, 'ad35', NULL, NULL),
(119, 2, 502, NULL, NULL, NULL),
(119, 5, 1, NULL, NULL, NULL),
(119, 6, 1, NULL, NULL, NULL),
(119, 7, NULL, NULL, '1990-10-12 00:00:00', NULL),
(120, 1, NULL, '156', NULL, NULL),
(120, 2, 505, NULL, NULL, NULL),
(120, 5, 2, NULL, NULL, NULL),
(120, 6, 5, NULL, NULL, NULL),
(120, 7, NULL, NULL, '1990-10-12 00:00:00', NULL),
(121, 1, NULL, 'ad36', NULL, NULL),
(121, 2, 508, NULL, NULL, NULL),
(121, 5, 1, NULL, NULL, NULL),
(121, 6, 1, NULL, NULL, NULL),
(121, 7, NULL, NULL, '1990-10-12 00:00:00', NULL),
(122, 1, NULL, 'ad36', NULL, NULL),
(122, 2, 509, NULL, NULL, NULL),
(122, 5, 1, NULL, NULL, NULL),
(122, 6, 1, NULL, NULL, NULL),
(122, 7, NULL, NULL, '1990-10-12 00:00:00', NULL),
(123, 1, NULL, 'ad37', NULL, NULL),
(123, 2, 519, NULL, NULL, NULL),
(123, 5, 1, NULL, NULL, NULL),
(123, 6, 1, NULL, NULL, NULL),
(123, 7, NULL, NULL, '1990-10-12 00:00:00', NULL),
(124, 1, NULL, '165', NULL, NULL),
(124, 2, 525, NULL, NULL, NULL),
(124, 5, 2, NULL, NULL, NULL),
(124, 6, 2, NULL, NULL, NULL),
(124, 7, NULL, NULL, '1990-10-12 00:00:00', NULL),
(125, 1, NULL, '167', NULL, NULL),
(125, 2, 530, NULL, NULL, NULL),
(125, 5, 1, NULL, NULL, NULL),
(125, 6, 2, NULL, NULL, NULL),
(125, 7, NULL, NULL, '1990-10-15 00:00:00', NULL),
(126, 1, NULL, '167', NULL, NULL),
(126, 2, 530, NULL, NULL, NULL),
(126, 5, 2, NULL, NULL, NULL),
(126, 6, 2, NULL, NULL, NULL),
(126, 7, NULL, NULL, '1990-10-15 00:00:00', NULL),
(127, 1, NULL, '167', NULL, NULL),
(127, 2, 531, NULL, NULL, NULL),
(127, 5, 5, NULL, NULL, NULL),
(127, 6, 9, NULL, NULL, NULL),
(127, 7, NULL, NULL, '1990-10-15 00:00:00', NULL),
(128, 1, NULL, '167', NULL, NULL),
(128, 2, 531, NULL, NULL, NULL),
(128, 5, 6, NULL, NULL, NULL),
(128, 6, 9, NULL, NULL, NULL),
(128, 7, NULL, NULL, '1990-10-15 00:00:00', NULL),
(129, 1, NULL, '167', NULL, NULL),
(129, 2, 531, NULL, NULL, NULL),
(129, 5, 8, NULL, NULL, NULL),
(129, 6, 9, NULL, NULL, NULL),
(129, 7, NULL, NULL, '1990-10-15 00:00:00', NULL),
(130, 1, NULL, '167', NULL, NULL),
(130, 2, 533, NULL, NULL, NULL),
(130, 5, 1, NULL, NULL, NULL),
(130, 6, 2, NULL, NULL, NULL),
(130, 7, NULL, NULL, '1990-10-15 00:00:00', NULL),
(131, 1, NULL, '167', NULL, NULL),
(131, 2, 533, NULL, NULL, NULL),
(131, 5, 2, NULL, NULL, NULL),
(131, 6, 2, NULL, NULL, NULL),
(131, 7, NULL, NULL, '1990-10-15 00:00:00', NULL),
(132, 1, NULL, 'ad39', NULL, NULL),
(132, 2, 535, NULL, NULL, NULL),
(132, 5, 3, NULL, NULL, NULL),
(132, 6, 5, NULL, NULL, NULL),
(132, 7, NULL, NULL, '1990-10-15 00:00:00', NULL),
(133, 1, NULL, 'ad39', NULL, NULL),
(133, 2, 536, NULL, NULL, NULL),
(133, 5, 2, NULL, NULL, NULL),
(133, 6, 4, NULL, NULL, NULL),
(133, 7, NULL, NULL, '1990-10-15 00:00:00', NULL),
(134, 1, NULL, 'ad39', NULL, NULL),
(134, 2, 536, NULL, NULL, NULL),
(134, 5, 3, NULL, NULL, NULL),
(134, 6, 4, NULL, NULL, NULL),
(134, 7, NULL, NULL, '1990-10-15 00:00:00', NULL),
(135, 1, NULL, 'ad40', NULL, NULL),
(135, 2, 541, NULL, NULL, NULL),
(135, 5, 1, NULL, NULL, NULL),
(135, 6, 2, NULL, NULL, NULL),
(135, 7, NULL, NULL, '1990-10-15 00:00:00', NULL),
(136, 1, NULL, 'ad40', NULL, NULL),
(136, 2, 542, NULL, NULL, NULL),
(136, 5, 9, NULL, NULL, NULL),
(136, 6, 11, NULL, NULL, NULL),
(136, 7, NULL, NULL, '1990-10-15 00:00:00', NULL),
(137, 1, NULL, '248', NULL, NULL),
(137, 2, 542, NULL, NULL, NULL),
(137, 5, 10, NULL, NULL, NULL),
(137, 6, 11, NULL, NULL, NULL),
(137, 7, NULL, NULL, '1990-10-15 00:00:00', NULL),
(138, 1, NULL, 'ad40', NULL, NULL),
(138, 2, 543, NULL, NULL, NULL),
(138, 5, 4, NULL, NULL, NULL),
(138, 6, 15, NULL, NULL, NULL),
(138, 7, NULL, NULL, '1990-10-15 00:00:00', NULL),
(139, 1, NULL, '177', NULL, NULL),
(139, 2, 562, NULL, NULL, NULL),
(139, 5, 1, NULL, NULL, NULL),
(139, 6, 2, NULL, NULL, NULL),
(139, 7, NULL, NULL, '1990-10-15 00:00:00', NULL),
(140, 1, NULL, '177', NULL, NULL),
(140, 2, 562, NULL, NULL, NULL),
(140, 5, 2, NULL, NULL, NULL),
(140, 6, 2, NULL, NULL, NULL),
(140, 7, NULL, NULL, '1990-10-15 00:00:00', NULL),
(141, 1, NULL, '180', NULL, NULL),
(141, 2, 571, NULL, NULL, NULL),
(141, 5, 4, NULL, NULL, NULL),
(141, 6, 8, NULL, NULL, NULL),
(141, 7, NULL, NULL, '1990-10-15 00:00:00', NULL),
(142, 1, NULL, '180', NULL, NULL),
(142, 2, 571, NULL, NULL, NULL),
(142, 5, 6, NULL, NULL, NULL),
(142, 6, 8, NULL, NULL, NULL),
(142, 7, NULL, NULL, '1990-10-15 00:00:00', NULL),
(143, 1, NULL, '181', NULL, NULL),
(143, 2, 573, NULL, NULL, NULL),
(143, 5, 2, NULL, NULL, NULL),
(143, 6, 5, NULL, NULL, NULL),
(143, 7, NULL, NULL, '1990-10-15 00:00:00', NULL),
(144, 1, NULL, '181', NULL, NULL),
(144, 2, 574, NULL, NULL, NULL),
(144, 5, 2, NULL, NULL, NULL),
(144, 6, 2, NULL, NULL, NULL),
(144, 7, NULL, NULL, '1990-10-15 00:00:00', NULL),
(145, 1, NULL, 'ad43', NULL, NULL),
(145, 2, 577, NULL, NULL, NULL),
(145, 5, 2, NULL, NULL, NULL),
(145, 6, 2, NULL, NULL, NULL),
(145, 7, NULL, NULL, '1990-10-15 00:00:00', NULL),
(146, 1, NULL, '184', NULL, NULL),
(146, 2, 592, NULL, NULL, NULL),
(146, 5, 3, NULL, NULL, NULL),
(146, 6, 11, NULL, NULL, NULL),
(146, 7, NULL, NULL, '1990-10-15 00:00:00', NULL),
(147, 1, NULL, '184', NULL, NULL),
(147, 2, 593, NULL, NULL, NULL),
(147, 5, 1, NULL, NULL, NULL),
(147, 6, 2, NULL, NULL, NULL),
(147, 7, NULL, NULL, '1990-10-15 00:00:00', NULL),
(148, 1, NULL, 'ad45', NULL, NULL),
(148, 2, 598, NULL, NULL, NULL),
(148, 5, 1, NULL, NULL, NULL),
(148, 6, 2, NULL, NULL, NULL),
(148, 7, NULL, NULL, '1990-10-16 00:00:00', NULL),
(149, 1, NULL, '185', NULL, NULL),
(149, 2, 600, NULL, NULL, NULL),
(149, 5, 4, NULL, NULL, NULL),
(149, 6, 6, NULL, NULL, NULL),
(149, 7, NULL, NULL, '1990-10-16 00:00:00', NULL),
(150, 1, NULL, '186', NULL, NULL),
(150, 2, 605, NULL, NULL, NULL),
(150, 5, 1, NULL, NULL, NULL),
(150, 6, 6, NULL, NULL, NULL),
(150, 7, NULL, NULL, '1990-10-16 00:00:00', NULL),
(151, 1, NULL, '187', NULL, NULL),
(151, 2, 611, NULL, NULL, NULL),
(151, 5, 1, NULL, NULL, NULL),
(151, 6, 3, NULL, NULL, NULL),
(151, 7, NULL, NULL, '1990-10-16 00:00:00', NULL),
(152, 1, NULL, '189', NULL, NULL),
(152, 2, 618, NULL, NULL, NULL),
(152, 5, 11, NULL, NULL, NULL),
(152, 6, 11, NULL, NULL, NULL),
(152, 7, NULL, NULL, '1990-10-16 00:00:00', NULL),
(153, 1, NULL, '189', NULL, NULL),
(153, 2, 619, NULL, NULL, NULL),
(153, 5, 1, NULL, NULL, NULL),
(153, 6, 1, NULL, NULL, NULL),
(153, 7, NULL, NULL, '1990-10-16 00:00:00', NULL),
(154, 1, NULL, '191', NULL, NULL),
(154, 2, 622, NULL, NULL, NULL),
(154, 5, 2, NULL, NULL, NULL),
(154, 6, 2, NULL, NULL, NULL),
(154, 7, NULL, NULL, '1990-10-16 00:00:00', NULL),
(155, 1, NULL, '192', NULL, NULL),
(155, 2, 629, NULL, NULL, NULL),
(155, 5, 1, NULL, NULL, NULL),
(155, 6, 4, NULL, NULL, NULL),
(155, 7, NULL, NULL, '1990-10-16 00:00:00', NULL),
(156, 1, NULL, '195', NULL, NULL),
(156, 2, 629, NULL, NULL, NULL),
(156, 5, 2, NULL, NULL, NULL),
(156, 6, 4, NULL, NULL, NULL),
(156, 7, NULL, NULL, '1990-10-16 00:00:00', NULL),
(157, 1, NULL, 'ad46', NULL, NULL),
(157, 2, 631, NULL, NULL, NULL),
(157, 5, 5, NULL, NULL, NULL),
(157, 6, 7, NULL, NULL, NULL),
(157, 7, NULL, NULL, '1990-10-16 00:00:00', NULL),
(158, 1, NULL, '197', NULL, NULL),
(158, 2, 637, NULL, NULL, NULL),
(158, 5, 6, NULL, NULL, NULL),
(158, 6, 6, NULL, NULL, NULL),
(158, 7, NULL, NULL, '1990-10-16 00:00:00', NULL),
(159, 1, NULL, '202', NULL, NULL),
(159, 2, 650, NULL, NULL, NULL),
(159, 5, 6, NULL, NULL, NULL),
(159, 6, 6, NULL, NULL, NULL),
(159, 7, NULL, NULL, '1990-10-17 00:00:00', NULL),
(160, 1, NULL, '204', NULL, NULL),
(160, 2, 652, NULL, NULL, NULL),
(160, 5, 3, NULL, NULL, NULL),
(160, 6, 4, NULL, NULL, NULL),
(160, 7, NULL, NULL, '1990-10-17 00:00:00', NULL),
(161, 1, NULL, '207', NULL, NULL),
(161, 2, 657, NULL, NULL, NULL),
(161, 5, 2, NULL, NULL, NULL),
(161, 6, 2, NULL, NULL, NULL),
(161, 7, NULL, NULL, '1990-10-17 00:00:00', NULL),
(162, 1, NULL, '207', NULL, NULL),
(162, 2, 658, NULL, NULL, NULL),
(162, 5, 4, NULL, NULL, NULL),
(162, 6, 12, NULL, NULL, NULL),
(162, 7, NULL, NULL, '1990-10-17 00:00:00', NULL),
(163, 1, NULL, '207', NULL, NULL),
(163, 2, 658, NULL, NULL, NULL),
(163, 5, 9, NULL, NULL, NULL),
(163, 6, 12, NULL, NULL, NULL),
(163, 7, NULL, NULL, '1990-10-17 00:00:00', NULL),
(164, 1, NULL, 'ad47a', NULL, NULL),
(164, 2, 661, NULL, NULL, NULL),
(164, 5, 2, NULL, NULL, NULL),
(164, 6, 3, NULL, NULL, NULL),
(164, 7, NULL, NULL, '1990-10-17 00:00:00', NULL),
(165, 1, NULL, 'ad47', NULL, NULL),
(165, 2, 663, NULL, NULL, NULL),
(165, 5, 1, NULL, NULL, NULL),
(165, 6, 2, NULL, NULL, NULL),
(165, 7, NULL, NULL, '1990-10-17 00:00:00', NULL),
(166, 1, NULL, 'ad47', NULL, NULL),
(166, 2, 663, NULL, NULL, NULL),
(166, 5, 2, NULL, NULL, NULL),
(166, 6, 2, NULL, NULL, NULL),
(166, 7, NULL, NULL, '1990-10-17 00:00:00', NULL),
(167, 1, NULL, 'ad47a', NULL, NULL),
(167, 2, 664, NULL, NULL, NULL),
(167, 5, 1, NULL, NULL, NULL),
(167, 6, 1, NULL, NULL, NULL),
(167, 7, NULL, NULL, '1990-10-17 00:00:00', NULL),
(168, 1, NULL, 'ad47a', NULL, NULL),
(168, 2, 665, NULL, NULL, NULL),
(168, 5, 1, NULL, NULL, NULL),
(168, 6, 2, NULL, NULL, NULL),
(168, 7, NULL, NULL, '1990-10-17 00:00:00', NULL),
(169, 1, NULL, '208', NULL, NULL),
(169, 2, 667, NULL, NULL, NULL),
(169, 5, 1, NULL, NULL, NULL),
(169, 6, 14, NULL, NULL, NULL),
(169, 7, NULL, NULL, '1990-10-17 00:00:00', NULL),
(170, 1, NULL, '208', NULL, NULL),
(170, 2, 667, NULL, NULL, NULL),
(170, 5, 3, NULL, NULL, NULL),
(170, 6, 14, NULL, NULL, NULL),
(170, 7, NULL, NULL, '1990-10-17 00:00:00', NULL),
(171, 1, NULL, '208', NULL, NULL),
(171, 2, 667, NULL, NULL, NULL),
(171, 5, 5, NULL, NULL, NULL),
(171, 6, 14, NULL, NULL, NULL),
(171, 7, NULL, NULL, '1990-10-17 00:00:00', NULL),
(172, 1, NULL, '208', NULL, NULL),
(172, 2, 667, NULL, NULL, NULL),
(172, 5, 10, NULL, NULL, NULL),
(172, 6, 14, NULL, NULL, NULL),
(172, 7, NULL, NULL, '1990-10-17 00:00:00', NULL),
(173, 1, NULL, '208', NULL, NULL),
(173, 2, 667, NULL, NULL, NULL),
(173, 5, 12, NULL, NULL, NULL),
(173, 6, 14, NULL, NULL, NULL),
(173, 7, NULL, NULL, '1990-10-17 00:00:00', NULL),
(174, 1, NULL, '208', NULL, NULL),
(174, 2, 669, NULL, NULL, NULL),
(174, 5, 1, NULL, NULL, NULL),
(174, 6, 5, NULL, NULL, NULL),
(174, 7, NULL, NULL, '1990-10-17 00:00:00', NULL),
(175, 1, NULL, '208', NULL, NULL),
(175, 2, 669, NULL, NULL, NULL),
(175, 5, 4, NULL, NULL, NULL),
(175, 6, 5, NULL, NULL, NULL),
(175, 7, NULL, NULL, '1990-10-17 00:00:00', NULL),
(176, 1, NULL, '208', NULL, NULL),
(176, 2, 670, NULL, NULL, NULL),
(176, 5, 3, NULL, NULL, NULL),
(176, 6, 5, NULL, NULL, NULL),
(176, 7, NULL, NULL, '1990-10-17 00:00:00', NULL),
(177, 1, NULL, '208', NULL, NULL),
(177, 2, 670, NULL, NULL, NULL),
(177, 5, 5, NULL, NULL, NULL),
(177, 6, 5, NULL, NULL, NULL),
(177, 7, NULL, NULL, '1990-10-17 00:00:00', NULL),
(178, 1, NULL, '208', NULL, NULL),
(178, 2, 671, NULL, NULL, NULL),
(178, 5, 2, NULL, NULL, NULL),
(178, 6, 6, NULL, NULL, NULL),
(178, 7, NULL, NULL, '1990-10-17 00:00:00', NULL),
(179, 1, NULL, '208', NULL, NULL),
(179, 2, 671, NULL, NULL, NULL),
(179, 5, 5, NULL, NULL, NULL),
(179, 6, 6, NULL, NULL, NULL),
(179, 7, NULL, NULL, '1990-10-17 00:00:00', NULL),
(180, 1, NULL, '208', NULL, NULL),
(180, 2, 672, NULL, NULL, NULL),
(180, 5, 2, NULL, NULL, NULL),
(180, 6, 6, NULL, NULL, NULL),
(180, 7, NULL, NULL, '1990-10-17 00:00:00', NULL),
(181, 1, NULL, '208', NULL, NULL),
(181, 2, 673, NULL, NULL, NULL),
(181, 5, 4, NULL, NULL, NULL),
(181, 6, 5, NULL, NULL, NULL),
(181, 7, NULL, NULL, '1990-10-17 00:00:00', NULL),
(182, 1, NULL, '208', NULL, NULL),
(182, 2, 674, NULL, NULL, NULL),
(182, 5, 1, NULL, NULL, NULL),
(182, 6, 7, NULL, NULL, NULL),
(182, 7, NULL, NULL, '1990-10-17 00:00:00', NULL),
(183, 1, NULL, '208', NULL, NULL),
(183, 2, 674, NULL, NULL, NULL),
(183, 5, 3, NULL, NULL, NULL),
(183, 6, 7, NULL, NULL, NULL),
(183, 7, NULL, NULL, '1990-10-17 00:00:00', NULL),
(184, 1, NULL, '208', NULL, NULL),
(184, 2, 675, NULL, NULL, NULL),
(184, 5, 5, NULL, NULL, NULL),
(184, 6, 7, NULL, NULL, NULL),
(184, 7, NULL, NULL, '1990-10-17 00:00:00', NULL),
(185, 1, NULL, '209', NULL, NULL),
(185, 2, 677, NULL, NULL, NULL),
(185, 5, 1, NULL, NULL, NULL),
(185, 6, 1, NULL, NULL, NULL),
(185, 7, NULL, NULL, '1990-10-17 00:00:00', NULL),
(186, 1, NULL, '209', NULL, NULL),
(186, 2, 678, NULL, NULL, NULL),
(186, 5, 1, NULL, NULL, NULL),
(186, 6, 1, NULL, NULL, NULL),
(186, 7, NULL, NULL, '1990-10-17 00:00:00', NULL),
(187, 1, NULL, 'ad47b', NULL, NULL),
(187, 2, 681, NULL, NULL, NULL),
(187, 5, 1, NULL, NULL, NULL),
(187, 6, 2, NULL, NULL, NULL),
(187, 7, NULL, NULL, '1990-10-17 00:00:00', NULL),
(188, 1, NULL, '210', NULL, NULL),
(188, 2, 685, NULL, NULL, NULL),
(188, 5, 1, NULL, NULL, NULL),
(188, 6, 5, NULL, NULL, NULL),
(188, 7, NULL, NULL, '1990-10-17 00:00:00', NULL),
(189, 1, NULL, '210', NULL, NULL),
(189, 2, 685, NULL, NULL, NULL),
(189, 5, 2, NULL, NULL, NULL),
(189, 6, 5, NULL, NULL, NULL),
(189, 7, NULL, NULL, '1990-10-17 00:00:00', NULL),
(190, 1, NULL, '210', NULL, NULL),
(190, 2, 685, NULL, NULL, NULL),
(190, 5, 3, NULL, NULL, NULL),
(190, 6, 5, NULL, NULL, NULL),
(190, 7, NULL, NULL, '1990-10-17 00:00:00', NULL),
(191, 1, NULL, '210', NULL, NULL),
(191, 2, 686, NULL, NULL, NULL),
(191, 5, 1, NULL, NULL, NULL),
(191, 6, 2, NULL, NULL, NULL),
(191, 7, NULL, NULL, '1990-10-17 00:00:00', NULL),
(192, 1, NULL, '210', NULL, NULL),
(192, 2, 686, NULL, NULL, NULL),
(192, 5, 2, NULL, NULL, NULL),
(192, 6, 2, NULL, NULL, NULL),
(192, 7, NULL, NULL, '1990-10-17 00:00:00', NULL),
(193, 1, NULL, '211', NULL, NULL),
(193, 2, 690, NULL, NULL, NULL),
(193, 5, 5, NULL, NULL, NULL),
(193, 6, 6, NULL, NULL, NULL),
(193, 7, NULL, NULL, '1990-10-17 00:00:00', NULL),
(194, 1, NULL, 'ad47b', NULL, NULL),
(194, 2, 692, NULL, NULL, NULL),
(194, 5, 1, NULL, NULL, NULL),
(194, 6, 1, NULL, NULL, NULL),
(194, 7, NULL, NULL, '1990-10-17 00:00:00', NULL),
(195, 1, NULL, 'ad47b', NULL, NULL),
(195, 2, 694, NULL, NULL, NULL),
(195, 5, 3, NULL, NULL, NULL),
(195, 6, 5, NULL, NULL, NULL),
(195, 7, NULL, NULL, '1990-10-17 00:00:00', NULL),
(196, 1, NULL, 'ad47b', NULL, NULL),
(196, 2, 695, NULL, NULL, NULL),
(196, 5, 1, NULL, NULL, NULL),
(196, 6, 4, NULL, NULL, NULL),
(196, 7, NULL, NULL, '1990-10-17 00:00:00', NULL),
(197, 1, NULL, 'ad47c', NULL, NULL),
(197, 2, 695, NULL, NULL, NULL),
(197, 5, 2, NULL, NULL, NULL),
(197, 6, 4, NULL, NULL, NULL),
(197, 7, NULL, NULL, '1990-10-17 00:00:00', NULL),
(198, 1, NULL, '212', NULL, NULL),
(198, 2, 698, NULL, NULL, NULL),
(198, 5, 1, NULL, NULL, NULL),
(198, 6, 6, NULL, NULL, NULL),
(198, 7, NULL, NULL, '1990-10-17 00:00:00', NULL),
(199, 1, NULL, '212', NULL, NULL),
(199, 2, 698, NULL, NULL, NULL),
(199, 5, 2, NULL, NULL, NULL),
(199, 6, 6, NULL, NULL, NULL),
(199, 7, NULL, NULL, '1990-10-17 00:00:00', NULL),
(200, 1, NULL, '212', NULL, NULL),
(200, 2, 698, NULL, NULL, NULL),
(200, 5, 3, NULL, NULL, NULL),
(200, 6, 6, NULL, NULL, NULL),
(200, 7, NULL, NULL, '1990-10-17 00:00:00', NULL),
(201, 1, NULL, '212', NULL, NULL),
(201, 2, 698, NULL, NULL, NULL),
(201, 5, 4, NULL, NULL, NULL),
(201, 6, 6, NULL, NULL, NULL),
(201, 7, NULL, NULL, '1990-10-17 00:00:00', NULL),
(202, 1, NULL, '212', NULL, NULL),
(202, 2, 699, NULL, NULL, NULL),
(202, 5, 4, NULL, NULL, NULL),
(202, 6, 4, NULL, NULL, NULL),
(202, 7, NULL, NULL, '1990-10-17 00:00:00', NULL),
(203, 1, NULL, '212', NULL, NULL),
(203, 2, 701, NULL, NULL, NULL),
(203, 5, 1, NULL, NULL, NULL),
(203, 6, 1, NULL, NULL, NULL),
(203, 7, NULL, NULL, '1990-10-17 00:00:00', NULL),
(204, 1, NULL, '213', NULL, NULL),
(204, 2, 703, NULL, NULL, NULL),
(204, 5, 1, NULL, NULL, NULL),
(204, 6, 4, NULL, NULL, NULL),
(204, 7, NULL, NULL, '1990-10-17 00:00:00', NULL),
(205, 1, NULL, '213', NULL, NULL),
(205, 2, 703, NULL, NULL, NULL),
(205, 5, 2, NULL, NULL, NULL),
(205, 6, 4, NULL, NULL, NULL),
(205, 7, NULL, NULL, '1990-10-17 00:00:00', NULL),
(206, 1, NULL, '213', NULL, NULL),
(206, 2, 703, NULL, NULL, NULL),
(206, 5, 4, NULL, NULL, NULL),
(206, 6, 4, NULL, NULL, NULL),
(206, 7, NULL, NULL, '1990-10-17 00:00:00', NULL),
(207, 1, NULL, '213', NULL, NULL),
(207, 2, 704, NULL, NULL, NULL),
(207, 5, 2, NULL, NULL, NULL),
(207, 6, 5, NULL, NULL, NULL),
(207, 7, NULL, NULL, '1990-10-17 00:00:00', NULL),
(208, 1, NULL, '213', NULL, NULL),
(208, 2, 704, NULL, NULL, NULL),
(208, 5, 3, NULL, NULL, NULL),
(208, 6, 5, NULL, NULL, NULL),
(208, 7, NULL, NULL, '1990-10-17 00:00:00', NULL),
(209, 1, NULL, '213', NULL, NULL),
(209, 2, 706, NULL, NULL, NULL),
(209, 5, 1, NULL, NULL, NULL),
(209, 6, 1, NULL, NULL, NULL),
(209, 7, NULL, NULL, '1990-10-17 00:00:00', NULL),
(210, 1, NULL, 'ad47c2', NULL, NULL),
(210, 2, 708, NULL, NULL, NULL),
(210, 5, 1, NULL, NULL, NULL),
(210, 6, 3, NULL, NULL, NULL),
(210, 7, NULL, NULL, '1990-10-17 00:00:00', NULL),
(211, 1, NULL, 'ad47b2', NULL, NULL),
(211, 2, 708, NULL, NULL, NULL),
(211, 5, 2, NULL, NULL, NULL),
(211, 6, 3, NULL, NULL, NULL),
(211, 7, NULL, NULL, '1990-10-17 00:00:00', NULL),
(212, 1, NULL, 'ad47c2', NULL, NULL),
(212, 2, 708, NULL, NULL, NULL),
(212, 5, 3, NULL, NULL, NULL),
(212, 6, 3, NULL, NULL, NULL),
(212, 7, NULL, NULL, '1990-10-17 00:00:00', NULL),
(213, 1, NULL, '221', NULL, NULL),
(213, 2, 722, NULL, NULL, NULL),
(213, 5, 4, NULL, NULL, NULL),
(213, 6, 4, NULL, NULL, NULL),
(213, 7, NULL, NULL, '1990-10-17 00:00:00', NULL),
(214, 1, NULL, '221', NULL, NULL),
(214, 2, 724, NULL, NULL, NULL),
(214, 5, 3, NULL, NULL, NULL),
(214, 6, 5, NULL, NULL, NULL),
(214, 7, NULL, NULL, '1990-10-17 00:00:00', NULL),
(215, 1, NULL, '222', NULL, NULL),
(215, 2, 729, NULL, NULL, NULL),
(215, 5, 1, NULL, NULL, NULL),
(215, 6, 2, NULL, NULL, NULL),
(215, 7, NULL, NULL, '1990-10-17 00:00:00', NULL),
(216, 1, NULL, '222', NULL, NULL),
(216, 2, 729, NULL, NULL, NULL),
(216, 5, 2, NULL, NULL, NULL),
(216, 6, 2, NULL, NULL, NULL),
(216, 7, NULL, NULL, '1990-10-17 00:00:00', NULL),
(217, 1, NULL, '222', NULL, NULL),
(217, 2, 730, NULL, NULL, NULL),
(217, 5, 1, NULL, NULL, NULL),
(217, 6, 3, NULL, NULL, NULL),
(217, 7, NULL, NULL, '1990-10-17 00:00:00', NULL),
(218, 1, NULL, '222', NULL, NULL),
(218, 2, 730, NULL, NULL, NULL),
(218, 5, 2, NULL, NULL, NULL),
(218, 6, 3, NULL, NULL, NULL),
(218, 7, NULL, NULL, '1990-10-17 00:00:00', NULL),
(219, 1, NULL, '222', NULL, NULL),
(219, 2, 730, NULL, NULL, NULL),
(219, 5, 3, NULL, NULL, NULL),
(219, 6, 3, NULL, NULL, NULL),
(219, 7, NULL, NULL, '1990-10-17 00:00:00', NULL),
(220, 1, NULL, '222', NULL, NULL),
(220, 2, 732, NULL, NULL, NULL),
(220, 5, 1, NULL, NULL, NULL),
(220, 6, 7, NULL, NULL, NULL),
(220, 7, NULL, NULL, '1990-10-17 00:00:00', NULL),
(221, 1, NULL, '222', NULL, NULL),
(221, 2, 732, NULL, NULL, NULL),
(221, 5, 2, NULL, NULL, NULL),
(221, 6, 7, NULL, NULL, NULL),
(221, 7, NULL, NULL, '1990-10-17 00:00:00', NULL),
(222, 1, NULL, '222', NULL, NULL),
(222, 2, 732, NULL, NULL, NULL),
(222, 5, 5, NULL, NULL, NULL),
(222, 6, 7, NULL, NULL, NULL),
(222, 7, NULL, NULL, '1990-10-17 00:00:00', NULL),
(223, 1, NULL, '222', NULL, NULL),
(223, 2, 732, NULL, NULL, NULL),
(223, 5, 6, NULL, NULL, NULL),
(223, 6, 7, NULL, NULL, NULL),
(223, 7, NULL, NULL, '1990-10-17 00:00:00', NULL),
(224, 1, NULL, '222', NULL, NULL),
(224, 2, 733, NULL, NULL, NULL),
(224, 5, 4, NULL, NULL, NULL),
(224, 6, 8, NULL, NULL, NULL),
(224, 7, NULL, NULL, '1990-10-17 00:00:00', NULL),
(225, 1, NULL, '222', NULL, NULL),
(225, 2, 734, NULL, NULL, NULL),
(225, 5, 7, NULL, NULL, NULL),
(225, 6, 9, NULL, NULL, NULL),
(225, 7, NULL, NULL, '1990-10-17 00:00:00', NULL),
(226, 1, NULL, '222', NULL, NULL),
(226, 2, 737, NULL, NULL, NULL),
(226, 5, 8, NULL, NULL, NULL),
(226, 6, 12, NULL, NULL, NULL),
(226, 7, NULL, NULL, '1990-10-17 00:00:00', NULL),
(227, 1, NULL, '223', NULL, NULL),
(227, 2, 739, NULL, NULL, NULL),
(227, 5, 1, NULL, NULL, NULL),
(227, 6, 4, NULL, NULL, NULL),
(227, 7, NULL, NULL, '1990-10-17 00:00:00', NULL),
(228, 1, NULL, '223', NULL, NULL),
(228, 2, 740, NULL, NULL, NULL),
(228, 5, 2, NULL, NULL, NULL),
(228, 6, 4, NULL, NULL, NULL),
(228, 7, NULL, NULL, '1990-10-17 00:00:00', NULL),
(229, 1, NULL, '223', NULL, NULL),
(229, 2, 742, NULL, NULL, NULL),
(229, 5, 2, NULL, NULL, NULL),
(229, 6, 3, NULL, NULL, NULL),
(229, 7, NULL, NULL, '1990-10-17 00:00:00', NULL),
(230, 1, NULL, '224', NULL, NULL),
(230, 2, 745, NULL, NULL, NULL),
(230, 5, 5, NULL, NULL, NULL),
(230, 6, 6, NULL, NULL, NULL),
(230, 7, NULL, NULL, '1990-10-17 00:00:00', NULL),
(231, 1, NULL, '224', NULL, NULL),
(231, 2, 746, NULL, NULL, NULL),
(231, 5, 1, NULL, NULL, NULL),
(231, 6, 1, NULL, NULL, NULL),
(231, 7, NULL, NULL, '1990-10-17 00:00:00', NULL),
(232, 1, NULL, '224', NULL, NULL),
(232, 2, 748, NULL, NULL, NULL),
(232, 5, 1, NULL, NULL, NULL),
(232, 6, 4, NULL, NULL, NULL),
(232, 7, NULL, NULL, '1990-10-17 00:00:00', NULL),
(233, 1, NULL, '224', NULL, NULL),
(233, 2, 748, NULL, NULL, NULL),
(233, 5, 4, NULL, NULL, NULL),
(233, 6, 4, NULL, NULL, NULL),
(233, 7, NULL, NULL, '1990-10-17 00:00:00', NULL),
(234, 1, NULL, '224', NULL, NULL),
(234, 2, 750, NULL, NULL, NULL),
(234, 5, 4, NULL, NULL, NULL),
(234, 6, 4, NULL, NULL, NULL),
(234, 7, NULL, NULL, '1990-10-17 00:00:00', NULL),
(235, 1, NULL, '224', NULL, NULL),
(235, 2, 752, NULL, NULL, NULL),
(235, 5, 6, NULL, NULL, NULL),
(235, 6, 7, NULL, NULL, NULL),
(235, 7, NULL, NULL, '1990-10-17 00:00:00', NULL),
(236, 1, NULL, '225', NULL, NULL),
(236, 2, 755, NULL, NULL, NULL),
(236, 5, 1, NULL, NULL, NULL),
(236, 6, 2, NULL, NULL, NULL),
(236, 7, NULL, NULL, '1990-10-17 00:00:00', NULL),
(237, 1, NULL, '225', NULL, NULL),
(237, 2, 755, NULL, NULL, NULL),
(237, 5, 2, NULL, NULL, NULL),
(237, 6, 2, NULL, NULL, NULL),
(237, 7, NULL, NULL, '1990-10-17 00:00:00', NULL),
(238, 1, NULL, '225', NULL, NULL),
(238, 2, 756, NULL, NULL, NULL),
(238, 5, 2, NULL, NULL, NULL),
(238, 6, 3, NULL, NULL, NULL),
(238, 7, NULL, NULL, '1990-10-17 00:00:00', NULL),
(239, 1, NULL, '225', NULL, NULL),
(239, 2, 757, NULL, NULL, NULL),
(239, 5, 2, NULL, NULL, NULL),
(239, 6, 3, NULL, NULL, NULL),
(239, 7, NULL, NULL, '1990-10-17 00:00:00', NULL),
(240, 1, NULL, '225', NULL, NULL),
(240, 2, 758, NULL, NULL, NULL),
(240, 5, 1, NULL, NULL, NULL),
(240, 6, 3, NULL, NULL, NULL),
(240, 7, NULL, NULL, '1990-10-17 00:00:00', NULL),
(241, 1, NULL, '225', NULL, NULL),
(241, 2, 758, NULL, NULL, NULL),
(241, 5, 2, NULL, NULL, NULL),
(241, 6, 3, NULL, NULL, NULL),
(241, 7, NULL, NULL, '1990-10-17 00:00:00', NULL),
(242, 1, NULL, 'ad48c', NULL, NULL),
(242, 2, 762, NULL, NULL, NULL),
(242, 5, 1, NULL, NULL, NULL),
(242, 6, 1, NULL, NULL, NULL),
(242, 7, NULL, NULL, '1990-10-17 00:00:00', NULL),
(243, 1, NULL, '226', NULL, NULL),
(243, 2, 768, NULL, NULL, NULL),
(243, 5, 1, NULL, NULL, NULL),
(243, 6, 1, NULL, NULL, NULL),
(243, 7, NULL, NULL, '1990-10-18 00:00:00', NULL),
(244, 1, NULL, '226', NULL, NULL),
(244, 2, 769, NULL, NULL, NULL),
(244, 5, 1, NULL, NULL, NULL),
(244, 6, 1, NULL, NULL, NULL),
(244, 7, NULL, NULL, '1990-10-18 00:00:00', NULL),
(245, 1, NULL, 'ad49', NULL, NULL),
(245, 2, 776, NULL, NULL, NULL),
(245, 5, 1, NULL, NULL, NULL),
(245, 6, 3, NULL, NULL, NULL),
(245, 7, NULL, NULL, '1990-10-18 00:00:00', NULL),
(246, 1, NULL, 'ad49', NULL, NULL),
(246, 2, 776, NULL, NULL, NULL),
(246, 5, 2, NULL, NULL, NULL),
(246, 6, 3, NULL, NULL, NULL),
(246, 7, NULL, NULL, '1990-10-18 00:00:00', NULL),
(247, 1, NULL, '229', NULL, NULL),
(247, 2, 779, NULL, NULL, NULL),
(247, 5, 2, NULL, NULL, NULL),
(247, 6, 5, NULL, NULL, NULL),
(247, 7, NULL, NULL, '1990-10-18 00:00:00', NULL),
(248, 1, NULL, '235', NULL, NULL),
(248, 2, 790, NULL, NULL, NULL),
(248, 5, 1, NULL, NULL, NULL),
(248, 6, 1, NULL, NULL, NULL),
(248, 7, NULL, NULL, '1990-10-18 00:00:00', NULL),
(249, 1, NULL, '235', NULL, NULL),
(249, 2, 791, NULL, NULL, NULL),
(249, 5, 1, NULL, NULL, NULL),
(249, 6, 1, NULL, NULL, NULL),
(249, 7, NULL, NULL, '1990-10-18 00:00:00', NULL),
(250, 1, NULL, '235', NULL, NULL),
(250, 2, 792, NULL, NULL, NULL),
(250, 5, 1, NULL, NULL, NULL),
(250, 6, 3, NULL, NULL, NULL),
(250, 7, NULL, NULL, '1990-10-18 00:00:00', NULL),
(251, 1, NULL, '235', NULL, NULL),
(251, 2, 792, NULL, NULL, NULL),
(251, 5, 2, NULL, NULL, NULL),
(251, 6, 3, NULL, NULL, NULL),
(251, 7, NULL, NULL, '1990-10-18 00:00:00', NULL),
(252, 1, NULL, '235', NULL, NULL),
(252, 2, 792, NULL, NULL, NULL),
(252, 5, 3, NULL, NULL, NULL),
(252, 6, 3, NULL, NULL, NULL),
(252, 7, NULL, NULL, '1990-10-18 00:00:00', NULL),
(253, 1, NULL, '235', NULL, NULL),
(253, 2, 793, NULL, NULL, NULL),
(253, 5, 1, NULL, NULL, NULL),
(253, 6, 3, NULL, NULL, NULL),
(253, 7, NULL, NULL, '1990-10-18 00:00:00', NULL),
(254, 1, NULL, '235', NULL, NULL),
(254, 2, 793, NULL, NULL, NULL),
(254, 5, 2, NULL, NULL, NULL),
(254, 6, 3, NULL, NULL, NULL),
(254, 7, NULL, NULL, '1990-10-18 00:00:00', NULL),
(255, 1, NULL, '235', NULL, NULL),
(255, 2, 793, NULL, NULL, NULL),
(255, 5, 3, NULL, NULL, NULL),
(255, 6, 3, NULL, NULL, NULL),
(255, 7, NULL, NULL, '1990-10-18 00:00:00', NULL),
(256, 1, NULL, '235', NULL, NULL),
(256, 2, 794, NULL, NULL, NULL),
(256, 5, 1, NULL, NULL, NULL),
(256, 6, 3, NULL, NULL, NULL),
(256, 7, NULL, NULL, '1990-10-18 00:00:00', NULL),
(257, 1, NULL, '235', NULL, NULL),
(257, 2, 794, NULL, NULL, NULL),
(257, 5, 2, NULL, NULL, NULL),
(257, 6, 3, NULL, NULL, NULL),
(257, 7, NULL, NULL, '1990-10-18 00:00:00', NULL),
(258, 1, NULL, '235', NULL, NULL),
(258, 2, 795, NULL, NULL, NULL),
(258, 5, 1, NULL, NULL, NULL),
(258, 6, 1, NULL, NULL, NULL),
(258, 7, NULL, NULL, '1990-10-18 00:00:00', NULL),
(259, 1, NULL, '235', NULL, NULL),
(259, 2, 796, NULL, NULL, NULL),
(259, 5, 1, NULL, NULL, NULL),
(259, 6, 1, NULL, NULL, NULL),
(259, 7, NULL, NULL, '1990-10-18 00:00:00', NULL),
(260, 1, NULL, '235', NULL, NULL),
(260, 2, 797, NULL, NULL, NULL),
(260, 5, 1, NULL, NULL, NULL),
(260, 6, 3, NULL, NULL, NULL),
(260, 7, NULL, NULL, '1990-10-18 00:00:00', NULL),
(261, 1, NULL, '235', NULL, NULL),
(261, 2, 797, NULL, NULL, NULL),
(261, 5, 2, NULL, NULL, NULL),
(261, 6, 3, NULL, NULL, NULL),
(261, 7, NULL, NULL, '1990-10-18 00:00:00', NULL),
(262, 1, NULL, '235', NULL, NULL),
(262, 2, 797, NULL, NULL, NULL),
(262, 5, 3, NULL, NULL, NULL),
(262, 6, 3, NULL, NULL, NULL),
(262, 7, NULL, NULL, '1990-10-18 00:00:00', NULL),
(263, 1, NULL, '236', NULL, NULL),
(263, 2, 799, NULL, NULL, NULL),
(263, 5, 1, NULL, NULL, NULL),
(263, 6, 1, NULL, NULL, NULL),
(263, 7, NULL, NULL, '1990-10-18 00:00:00', NULL),
(264, 1, NULL, '236', NULL, NULL),
(264, 2, 800, NULL, NULL, NULL),
(264, 5, 1, NULL, NULL, NULL),
(264, 6, 1, NULL, NULL, NULL),
(264, 7, NULL, NULL, '1990-10-18 00:00:00', NULL),
(265, 1, NULL, '236', NULL, NULL),
(265, 2, 801, NULL, NULL, NULL),
(265, 5, 1, NULL, NULL, NULL),
(265, 6, 2, NULL, NULL, NULL),
(265, 7, NULL, NULL, '1990-10-18 00:00:00', NULL),
(266, 1, NULL, '236', NULL, NULL),
(266, 2, 801, NULL, NULL, NULL),
(266, 5, 2, NULL, NULL, NULL),
(266, 6, 2, NULL, NULL, NULL),
(266, 7, NULL, NULL, '1990-10-18 00:00:00', NULL),
(267, 1, NULL, '236', NULL, NULL),
(267, 2, 802, NULL, NULL, NULL),
(267, 5, 1, NULL, NULL, NULL),
(267, 6, 4, NULL, NULL, NULL),
(267, 7, NULL, NULL, '1990-10-18 00:00:00', NULL),
(268, 1, NULL, '236', NULL, NULL),
(268, 2, 802, NULL, NULL, NULL),
(268, 5, 3, NULL, NULL, NULL),
(268, 6, 4, NULL, NULL, NULL),
(268, 7, NULL, NULL, '1990-10-18 00:00:00', NULL),
(269, 1, NULL, '236', NULL, NULL),
(269, 2, 802, NULL, NULL, NULL),
(269, 5, 4, NULL, NULL, NULL),
(269, 6, 4, NULL, NULL, NULL),
(269, 7, NULL, NULL, '1990-10-18 00:00:00', NULL),
(270, 1, NULL, '236', NULL, NULL),
(270, 2, 803, NULL, NULL, NULL),
(270, 5, 1, NULL, NULL, NULL),
(270, 6, 1, NULL, NULL, NULL),
(270, 7, NULL, NULL, '1990-10-18 00:00:00', NULL),
(271, 1, NULL, '236', NULL, NULL),
(271, 2, 804, NULL, NULL, NULL),
(271, 5, 2, NULL, NULL, NULL),
(271, 6, 2, NULL, NULL, NULL),
(271, 7, NULL, NULL, '1990-10-18 00:00:00', NULL),
(272, 1, NULL, '236', NULL, NULL),
(272, 2, 805, NULL, NULL, NULL),
(272, 5, 1, NULL, NULL, NULL),
(272, 6, 2, NULL, NULL, NULL),
(272, 7, NULL, NULL, '1990-10-18 00:00:00', NULL),
(273, 1, NULL, '236', NULL, NULL),
(273, 2, 806, NULL, NULL, NULL),
(273, 5, 1, NULL, NULL, NULL),
(273, 6, 3, NULL, NULL, NULL),
(273, 7, NULL, NULL, '1990-10-18 00:00:00', NULL),
(274, 1, NULL, '236', NULL, NULL),
(274, 2, 806, NULL, NULL, NULL),
(274, 5, 2, NULL, NULL, NULL),
(274, 6, 3, NULL, NULL, NULL),
(274, 7, NULL, NULL, '1990-10-18 00:00:00', NULL);
INSERT INTO `meta_values` (`tuple_id`, `meta_id`, `int_val`, `txt_val`, `date_val`, `float_val`) VALUES
(275, 1, NULL, '236', NULL, NULL),
(275, 2, 807, NULL, NULL, NULL),
(275, 5, 1, NULL, NULL, NULL),
(275, 6, 3, NULL, NULL, NULL),
(275, 7, NULL, NULL, '1990-10-18 00:00:00', NULL),
(276, 1, NULL, '236', NULL, NULL),
(276, 2, 807, NULL, NULL, NULL),
(276, 5, 3, NULL, NULL, NULL),
(276, 6, 3, NULL, NULL, NULL),
(276, 7, NULL, NULL, '1990-10-18 00:00:00', NULL),
(277, 1, NULL, 'ad50a', NULL, NULL),
(277, 2, 809, NULL, NULL, NULL),
(277, 5, 1, NULL, NULL, NULL),
(277, 6, 3, NULL, NULL, NULL),
(277, 7, NULL, NULL, '1990-10-18 00:00:00', NULL),
(278, 1, NULL, 'ad50a', NULL, NULL),
(278, 2, 809, NULL, NULL, NULL),
(278, 5, 3, NULL, NULL, NULL),
(278, 6, 3, NULL, NULL, NULL),
(278, 7, NULL, NULL, '1990-10-18 00:00:00', NULL),
(279, 1, NULL, '237', NULL, NULL),
(279, 2, 811, NULL, NULL, NULL),
(279, 5, 1, NULL, NULL, NULL),
(279, 6, 2, NULL, NULL, NULL),
(279, 7, NULL, NULL, '1990-10-23 00:00:00', NULL),
(280, 1, NULL, '237', NULL, NULL),
(280, 2, 811, NULL, NULL, NULL),
(280, 5, 2, NULL, NULL, NULL),
(280, 6, 2, NULL, NULL, NULL),
(280, 7, NULL, NULL, '1990-10-23 00:00:00', NULL),
(281, 1, NULL, '237', NULL, NULL),
(281, 2, 812, NULL, NULL, NULL),
(281, 5, 1, NULL, NULL, NULL),
(281, 6, 1, NULL, NULL, NULL),
(281, 7, NULL, NULL, '1990-10-23 00:00:00', NULL),
(282, 1, NULL, '237', NULL, NULL),
(282, 2, 813, NULL, NULL, NULL),
(282, 5, 1, NULL, NULL, NULL),
(282, 6, 2, NULL, NULL, NULL),
(282, 7, NULL, NULL, '1990-10-23 00:00:00', NULL),
(283, 1, NULL, '237', NULL, NULL),
(283, 2, 813, NULL, NULL, NULL),
(283, 5, 2, NULL, NULL, NULL),
(283, 6, 2, NULL, NULL, NULL),
(283, 7, NULL, NULL, '1990-10-23 00:00:00', NULL),
(284, 1, NULL, '237', NULL, NULL),
(284, 2, 814, NULL, NULL, NULL),
(284, 5, 1, NULL, NULL, NULL),
(284, 6, 1, NULL, NULL, NULL),
(284, 7, NULL, NULL, '1990-10-23 00:00:00', NULL),
(285, 1, NULL, '237', NULL, NULL),
(285, 2, 815, NULL, NULL, NULL),
(285, 5, 1, NULL, NULL, NULL),
(285, 6, 1, NULL, NULL, NULL),
(285, 7, NULL, NULL, '1990-10-23 00:00:00', NULL),
(286, 1, NULL, '238', NULL, NULL),
(286, 2, 817, NULL, NULL, NULL),
(286, 5, 1, NULL, NULL, NULL),
(286, 6, 1, NULL, NULL, NULL),
(286, 7, NULL, NULL, '1990-10-23 00:00:00', NULL),
(287, 1, NULL, 'ad50b', NULL, NULL),
(287, 2, 819, NULL, NULL, NULL),
(287, 5, 1, NULL, NULL, NULL),
(287, 6, 2, NULL, NULL, NULL),
(287, 7, NULL, NULL, '1990-10-23 00:00:00', NULL),
(288, 1, NULL, 'ad50b', NULL, NULL),
(288, 2, 819, NULL, NULL, NULL),
(288, 5, 2, NULL, NULL, NULL),
(288, 6, 2, NULL, NULL, NULL),
(288, 7, NULL, NULL, '1990-10-23 00:00:00', NULL),
(289, 1, NULL, 'ad50c', NULL, NULL),
(289, 2, 821, NULL, NULL, NULL),
(289, 5, 1, NULL, NULL, NULL),
(289, 6, 8, NULL, NULL, NULL),
(289, 7, NULL, NULL, '1990-10-23 00:00:00', NULL),
(290, 1, NULL, 'ad50c', NULL, NULL),
(290, 2, 821, NULL, NULL, NULL),
(290, 5, 2, NULL, NULL, NULL),
(290, 6, 8, NULL, NULL, NULL),
(290, 7, NULL, NULL, '1990-10-23 00:00:00', NULL),
(291, 1, NULL, 'ad50c', NULL, NULL),
(291, 2, 821, NULL, NULL, NULL),
(291, 5, 3, NULL, NULL, NULL),
(291, 6, 8, NULL, NULL, NULL),
(291, 7, NULL, NULL, '1990-10-23 00:00:00', NULL),
(292, 1, NULL, 'ad50c', NULL, NULL),
(292, 2, 821, NULL, NULL, NULL),
(292, 5, 7, NULL, NULL, NULL),
(292, 6, 8, NULL, NULL, NULL),
(292, 7, NULL, NULL, '1990-10-23 00:00:00', NULL),
(293, 1, NULL, 'ad50c', NULL, NULL),
(293, 2, 822, NULL, NULL, NULL),
(293, 5, 1, NULL, NULL, NULL),
(293, 6, 1, NULL, NULL, NULL),
(293, 7, NULL, NULL, '1990-10-23 00:00:00', NULL),
(294, 1, NULL, 'ad50c', NULL, NULL),
(294, 2, 823, NULL, NULL, NULL),
(294, 5, 1, NULL, NULL, NULL),
(294, 6, 2, NULL, NULL, NULL),
(294, 7, NULL, NULL, '1990-10-23 00:00:00', NULL),
(295, 1, NULL, 'ad50c', NULL, NULL),
(295, 2, 823, NULL, NULL, NULL),
(295, 5, 2, NULL, NULL, NULL),
(295, 6, 2, NULL, NULL, NULL),
(295, 7, NULL, NULL, '1990-10-23 00:00:00', NULL),
(296, 1, NULL, 'ad50c', NULL, NULL),
(296, 2, 825, NULL, NULL, NULL),
(296, 5, 1, NULL, NULL, NULL),
(296, 6, 2, NULL, NULL, NULL),
(296, 7, NULL, NULL, '1990-10-23 00:00:00', NULL),
(297, 1, NULL, '240', NULL, NULL),
(297, 2, 827, NULL, NULL, NULL),
(297, 5, 3, NULL, NULL, NULL),
(297, 6, 3, NULL, NULL, NULL),
(297, 7, NULL, NULL, '1990-10-23 00:00:00', NULL),
(298, 1, NULL, '240', NULL, NULL),
(298, 2, 829, NULL, NULL, NULL),
(298, 5, 1, NULL, NULL, NULL),
(298, 6, 2, NULL, NULL, NULL),
(298, 7, NULL, NULL, '1990-10-23 00:00:00', NULL),
(299, 1, NULL, '241', NULL, NULL),
(299, 2, 831, NULL, NULL, NULL),
(299, 5, 3, NULL, NULL, NULL),
(299, 6, 6, NULL, NULL, NULL),
(299, 7, NULL, NULL, '1990-10-23 00:00:00', NULL),
(300, 1, NULL, '241', NULL, NULL),
(300, 2, 832, NULL, NULL, NULL),
(300, 5, 1, NULL, NULL, NULL),
(300, 6, 2, NULL, NULL, NULL),
(300, 7, NULL, NULL, '1990-10-23 00:00:00', NULL),
(301, 1, NULL, '241', NULL, NULL),
(301, 2, 833, NULL, NULL, NULL),
(301, 5, 1, NULL, NULL, NULL),
(301, 6, 1, NULL, NULL, NULL),
(301, 7, NULL, NULL, '1990-10-23 00:00:00', NULL),
(302, 1, NULL, '242', NULL, NULL),
(302, 2, 835, NULL, NULL, NULL),
(302, 5, 5, NULL, NULL, NULL),
(302, 6, 6, NULL, NULL, NULL),
(302, 7, NULL, NULL, '1990-10-23 00:00:00', NULL),
(303, 1, NULL, '243', NULL, NULL),
(303, 2, 841, NULL, NULL, NULL),
(303, 5, 2, NULL, NULL, NULL),
(303, 6, 2, NULL, NULL, NULL),
(303, 7, NULL, NULL, '1990-10-23 00:00:00', NULL),
(304, 1, NULL, '244', NULL, NULL),
(304, 2, 844, NULL, NULL, NULL),
(304, 5, 1, NULL, NULL, NULL),
(304, 6, 1, NULL, NULL, NULL),
(304, 7, NULL, NULL, '1990-10-23 00:00:00', NULL),
(305, 1, NULL, '244', NULL, NULL),
(305, 2, 845, NULL, NULL, NULL),
(305, 5, 1, NULL, NULL, NULL),
(305, 6, 3, NULL, NULL, NULL),
(305, 7, NULL, NULL, '1990-10-23 00:00:00', NULL),
(306, 1, NULL, '244', NULL, NULL),
(306, 2, 845, NULL, NULL, NULL),
(306, 5, 2, NULL, NULL, NULL),
(306, 6, 3, NULL, NULL, NULL),
(306, 7, NULL, NULL, '1990-10-23 00:00:00', NULL),
(307, 1, NULL, '244', NULL, NULL),
(307, 2, 846, NULL, NULL, NULL),
(307, 5, 1, NULL, NULL, NULL),
(307, 6, 2, NULL, NULL, NULL),
(307, 7, NULL, NULL, '1990-10-23 00:00:00', NULL),
(308, 1, NULL, '244', NULL, NULL),
(308, 2, 846, NULL, NULL, NULL),
(308, 5, 2, NULL, NULL, NULL),
(308, 6, 2, NULL, NULL, NULL),
(308, 7, NULL, NULL, '1990-10-23 00:00:00', NULL),
(309, 1, NULL, '244', NULL, NULL),
(309, 2, 847, NULL, NULL, NULL),
(309, 5, 1, NULL, NULL, NULL),
(309, 6, 2, NULL, NULL, NULL),
(309, 7, NULL, NULL, '1990-10-23 00:00:00', NULL),
(310, 1, NULL, 'ad52', NULL, NULL),
(310, 2, 852, NULL, NULL, NULL),
(310, 5, 2, NULL, NULL, NULL),
(310, 6, 5, NULL, NULL, NULL),
(310, 7, NULL, NULL, '1990-10-23 00:00:00', NULL),
(311, 1, NULL, 'Ad52', NULL, NULL),
(311, 2, 852, NULL, NULL, NULL),
(311, 5, 4, NULL, NULL, NULL),
(311, 6, 5, NULL, NULL, NULL),
(311, 7, NULL, NULL, '1990-10-23 00:00:00', NULL),
(312, 1, NULL, 'Ad53', NULL, NULL),
(312, 2, 859, NULL, NULL, NULL),
(312, 5, 3, NULL, NULL, NULL),
(312, 6, 6, NULL, NULL, NULL),
(312, 7, NULL, NULL, '1990-10-23 00:00:00', NULL),
(313, 1, NULL, 'ad53', NULL, NULL),
(313, 2, 859, NULL, NULL, NULL),
(313, 5, 4, NULL, NULL, NULL),
(313, 6, 6, NULL, NULL, NULL),
(313, 7, NULL, NULL, '1990-10-23 00:00:00', NULL),
(314, 1, NULL, 'ad53', NULL, NULL),
(314, 2, 859, NULL, NULL, NULL),
(314, 5, 5, NULL, NULL, NULL),
(314, 6, 6, NULL, NULL, NULL),
(314, 7, NULL, NULL, '1990-10-23 00:00:00', NULL),
(315, 1, NULL, 'Ad53a', NULL, NULL),
(315, 2, 860, NULL, NULL, NULL),
(315, 5, 2, NULL, NULL, NULL),
(315, 6, 7, NULL, NULL, NULL),
(315, 7, NULL, NULL, '1990-10-23 00:00:00', NULL),
(316, 1, NULL, 'ad53b', NULL, NULL),
(316, 2, 863, NULL, NULL, NULL),
(316, 5, 5, NULL, NULL, NULL),
(316, 6, 7, NULL, NULL, NULL),
(316, 7, NULL, NULL, '1990-10-23 00:00:00', NULL),
(317, 1, NULL, '248', NULL, NULL),
(317, 2, 866, NULL, NULL, NULL),
(317, 5, 4, NULL, NULL, NULL),
(317, 6, 5, NULL, NULL, NULL),
(317, 7, NULL, NULL, '1990-10-23 00:00:00', NULL),
(318, 1, NULL, '248', NULL, NULL),
(318, 2, 869, NULL, NULL, NULL),
(318, 5, 1, NULL, NULL, NULL),
(318, 6, 1, NULL, NULL, NULL),
(318, 7, NULL, NULL, '1990-10-23 00:00:00', NULL),
(319, 1, NULL, '249', NULL, NULL),
(319, 2, 873, NULL, NULL, NULL),
(319, 5, 2, NULL, NULL, NULL),
(319, 6, 2, NULL, NULL, NULL),
(319, 7, NULL, NULL, '1990-10-23 00:00:00', NULL),
(320, 1, NULL, '249', NULL, NULL),
(320, 2, 874, NULL, NULL, NULL),
(320, 5, 1, NULL, NULL, NULL),
(320, 6, 2, NULL, NULL, NULL),
(320, 7, NULL, NULL, '1990-10-23 00:00:00', NULL),
(321, 1, NULL, '249', NULL, NULL),
(321, 2, 874, NULL, NULL, NULL),
(321, 5, 2, NULL, NULL, NULL),
(321, 6, 2, NULL, NULL, NULL),
(321, 7, NULL, NULL, '1990-10-23 00:00:00', NULL),
(322, 1, NULL, '251', NULL, NULL),
(322, 2, 879, NULL, NULL, NULL),
(322, 5, 1, NULL, NULL, NULL),
(322, 6, 7, NULL, NULL, NULL),
(322, 7, NULL, NULL, '1990-10-23 00:00:00', NULL),
(323, 1, NULL, '251', NULL, NULL),
(323, 2, 879, NULL, NULL, NULL),
(323, 5, 7, NULL, NULL, NULL),
(323, 6, 7, NULL, NULL, NULL),
(323, 7, NULL, NULL, '1990-10-23 00:00:00', NULL),
(324, 1, NULL, '251', NULL, NULL),
(324, 2, 881, NULL, NULL, NULL),
(324, 5, 1, NULL, NULL, NULL),
(324, 6, 1, NULL, NULL, NULL),
(324, 7, NULL, NULL, '1990-10-23 00:00:00', NULL),
(325, 1, NULL, '252', NULL, NULL),
(325, 2, 883, NULL, NULL, NULL),
(325, 5, 2, NULL, NULL, NULL),
(325, 6, 2, NULL, NULL, NULL),
(325, 7, NULL, NULL, '1990-10-23 00:00:00', NULL),
(326, 1, NULL, 'ad55', NULL, NULL),
(326, 2, 888, NULL, NULL, NULL),
(326, 5, 1, NULL, NULL, NULL),
(326, 6, 1, NULL, NULL, NULL),
(326, 7, NULL, NULL, '1990-10-24 00:00:00', NULL),
(327, 1, NULL, '255', NULL, NULL),
(327, 2, 893, NULL, NULL, NULL),
(327, 5, 3, NULL, NULL, NULL),
(327, 6, 4, NULL, NULL, NULL),
(327, 7, NULL, NULL, '1990-10-24 00:00:00', NULL),
(328, 1, NULL, '256', NULL, NULL),
(328, 2, 895, NULL, NULL, NULL),
(328, 5, 1, NULL, NULL, NULL),
(328, 6, 1, NULL, NULL, NULL),
(328, 7, NULL, NULL, '1990-10-24 00:00:00', NULL),
(329, 1, NULL, '259', NULL, NULL),
(329, 2, 899, NULL, NULL, NULL),
(329, 5, 4, NULL, NULL, NULL),
(329, 6, 4, NULL, NULL, NULL),
(329, 7, NULL, NULL, '1990-10-24 00:00:00', NULL),
(330, 1, NULL, '259', NULL, NULL),
(330, 2, 900, NULL, NULL, NULL),
(330, 5, 1, NULL, NULL, NULL),
(330, 6, 2, NULL, NULL, NULL),
(330, 7, NULL, NULL, '1990-10-24 00:00:00', NULL),
(331, 1, NULL, '259', NULL, NULL),
(331, 2, 901, NULL, NULL, NULL),
(331, 5, 1, NULL, NULL, NULL),
(331, 6, 1, NULL, NULL, NULL),
(331, 7, NULL, NULL, '1990-10-24 00:00:00', NULL),
(332, 1, NULL, '259', NULL, NULL),
(332, 2, 902, NULL, NULL, NULL),
(332, 5, 1, NULL, NULL, NULL),
(332, 6, 1, NULL, NULL, NULL),
(332, 7, NULL, NULL, '1990-10-24 00:00:00', NULL),
(333, 1, NULL, '259', NULL, NULL),
(333, 2, 903, NULL, NULL, NULL),
(333, 5, 1, NULL, NULL, NULL),
(333, 6, 1, NULL, NULL, NULL),
(333, 7, NULL, NULL, '1990-10-24 00:00:00', NULL),
(334, 1, NULL, '260', NULL, NULL),
(334, 2, 905, NULL, NULL, NULL),
(334, 5, 1, NULL, NULL, NULL),
(334, 6, 2, NULL, NULL, NULL),
(334, 7, NULL, NULL, '1990-10-24 00:00:00', NULL),
(335, 1, NULL, '260', NULL, NULL),
(335, 2, 905, NULL, NULL, NULL),
(335, 5, 2, NULL, NULL, NULL),
(335, 6, 2, NULL, NULL, NULL),
(335, 7, NULL, NULL, '1990-10-24 00:00:00', NULL),
(336, 1, NULL, '261', NULL, NULL),
(336, 2, 909, NULL, NULL, NULL),
(336, 5, 2, NULL, NULL, NULL),
(336, 6, 2, NULL, NULL, NULL),
(336, 7, NULL, NULL, '1990-10-24 00:00:00', NULL),
(337, 1, NULL, '266', NULL, NULL),
(337, 2, 917, NULL, NULL, NULL),
(337, 5, 1, NULL, NULL, NULL),
(337, 6, 2, NULL, NULL, NULL),
(337, 7, NULL, NULL, '1990-10-24 00:00:00', NULL),
(338, 1, NULL, '266', NULL, NULL),
(338, 2, 917, NULL, NULL, NULL),
(338, 5, 2, NULL, NULL, NULL),
(338, 6, 2, NULL, NULL, NULL),
(338, 7, NULL, NULL, '1990-10-24 00:00:00', NULL),
(339, 1, NULL, '267', NULL, NULL),
(339, 2, 919, NULL, NULL, NULL),
(339, 5, 1, NULL, NULL, NULL),
(339, 6, 1, NULL, NULL, NULL),
(339, 7, NULL, NULL, '1990-10-24 00:00:00', NULL),
(340, 1, NULL, 'ad58', NULL, NULL),
(340, 2, 921, NULL, NULL, NULL),
(340, 5, 1, NULL, NULL, NULL),
(340, 6, 1, NULL, NULL, NULL),
(340, 7, NULL, NULL, '1990-10-24 00:00:00', NULL),
(341, 1, NULL, '270', NULL, NULL),
(341, 2, 927, NULL, NULL, NULL),
(341, 5, 2, NULL, NULL, NULL),
(341, 6, 3, NULL, NULL, NULL),
(341, 7, NULL, NULL, '1990-10-24 00:00:00', NULL),
(342, 1, NULL, '271', NULL, NULL),
(342, 2, 931, NULL, NULL, NULL),
(342, 5, 6, NULL, NULL, NULL),
(342, 6, 6, NULL, NULL, NULL),
(342, 7, NULL, NULL, '1990-10-24 00:00:00', NULL),
(343, 1, NULL, '272', NULL, NULL),
(343, 2, 934, NULL, NULL, NULL),
(343, 5, 1, NULL, NULL, NULL),
(343, 6, 2, NULL, NULL, NULL),
(343, 7, NULL, NULL, '1990-10-24 00:00:00', NULL),
(344, 1, NULL, '272', NULL, NULL),
(344, 2, 934, NULL, NULL, NULL),
(344, 5, 2, NULL, NULL, NULL),
(344, 6, 2, NULL, NULL, NULL),
(344, 7, NULL, NULL, '1990-10-24 00:00:00', NULL),
(345, 1, NULL, '274', NULL, NULL),
(345, 2, 938, NULL, NULL, NULL),
(345, 5, 1, NULL, NULL, NULL),
(345, 6, 3, NULL, NULL, NULL),
(345, 7, NULL, NULL, '1990-10-25 00:00:00', NULL),
(346, 1, NULL, '274', NULL, NULL),
(346, 2, 938, NULL, NULL, NULL),
(346, 5, 2, NULL, NULL, NULL),
(346, 6, 3, NULL, NULL, NULL),
(346, 7, NULL, NULL, '1990-10-25 00:00:00', NULL),
(347, 1, NULL, '274', NULL, NULL),
(347, 2, 938, NULL, NULL, NULL),
(347, 5, 3, NULL, NULL, NULL),
(347, 6, 3, NULL, NULL, NULL),
(347, 7, NULL, NULL, '1990-10-25 00:00:00', NULL),
(348, 1, NULL, 'ad61', NULL, NULL),
(348, 2, 941, NULL, NULL, NULL),
(348, 5, 3, NULL, NULL, NULL),
(348, 6, 3, NULL, NULL, NULL),
(348, 7, NULL, NULL, '1990-10-25 00:00:00', NULL),
(349, 1, NULL, '277', NULL, NULL),
(349, 2, 945, NULL, NULL, NULL),
(349, 5, 1, NULL, NULL, NULL),
(349, 6, 3, NULL, NULL, NULL),
(349, 7, NULL, NULL, '1990-10-25 00:00:00', NULL),
(350, 1, NULL, '277', NULL, NULL),
(350, 2, 945, NULL, NULL, NULL),
(350, 5, 2, NULL, NULL, NULL),
(350, 6, 3, NULL, NULL, NULL),
(350, 7, NULL, NULL, '1990-10-25 00:00:00', NULL),
(351, 1, NULL, '277', NULL, NULL),
(351, 2, 945, NULL, NULL, NULL),
(351, 5, 3, NULL, NULL, NULL),
(351, 6, 3, NULL, NULL, NULL),
(351, 7, NULL, NULL, '1990-10-25 00:00:00', NULL),
(352, 1, NULL, '278', NULL, NULL),
(352, 2, 947, NULL, NULL, NULL),
(352, 5, 1, NULL, NULL, NULL),
(352, 6, 2, NULL, NULL, NULL),
(352, 7, NULL, NULL, '1990-10-25 00:00:00', NULL),
(353, 1, NULL, '278', NULL, NULL),
(353, 2, 947, NULL, NULL, NULL),
(353, 5, 2, NULL, NULL, NULL),
(353, 6, 2, NULL, NULL, NULL),
(353, 7, NULL, NULL, '1990-10-25 00:00:00', NULL),
(354, 1, NULL, '278', NULL, NULL),
(354, 2, 948, NULL, NULL, NULL),
(354, 5, 1, NULL, NULL, NULL),
(354, 6, 4, NULL, NULL, NULL),
(354, 7, NULL, NULL, '1990-10-25 00:00:00', NULL),
(355, 1, NULL, '278', NULL, NULL),
(355, 2, 948, NULL, NULL, NULL),
(355, 5, 2, NULL, NULL, NULL),
(355, 6, 4, NULL, NULL, NULL),
(355, 7, NULL, NULL, '1990-10-25 00:00:00', NULL),
(356, 1, NULL, '278', NULL, NULL),
(356, 2, 948, NULL, NULL, NULL),
(356, 5, 3, NULL, NULL, NULL),
(356, 6, 4, NULL, NULL, NULL),
(356, 7, NULL, NULL, '1990-10-25 00:00:00', NULL),
(357, 1, NULL, '278', NULL, NULL),
(357, 2, 948, NULL, NULL, NULL),
(357, 5, 4, NULL, NULL, NULL),
(357, 6, 4, NULL, NULL, NULL),
(357, 7, NULL, NULL, '1990-10-25 00:00:00', NULL),
(358, 1, NULL, '278', NULL, NULL),
(358, 2, 949, NULL, NULL, NULL),
(358, 5, 1, NULL, NULL, NULL),
(358, 6, 7, NULL, NULL, NULL),
(358, 7, NULL, NULL, '1990-10-25 00:00:00', NULL),
(359, 1, NULL, '278', NULL, NULL),
(359, 2, 949, NULL, NULL, NULL),
(359, 5, 6, NULL, NULL, NULL),
(359, 6, 7, NULL, NULL, NULL),
(359, 7, NULL, NULL, '1990-10-25 00:00:00', NULL),
(360, 1, NULL, '278', NULL, NULL),
(360, 2, 949, NULL, NULL, NULL),
(360, 5, 7, NULL, NULL, NULL),
(360, 6, 7, NULL, NULL, NULL),
(360, 7, NULL, NULL, '1990-10-25 00:00:00', NULL),
(361, 1, NULL, '280', NULL, NULL),
(361, 2, 953, NULL, NULL, NULL),
(361, 5, 1, NULL, NULL, NULL),
(361, 6, 2, NULL, NULL, NULL),
(361, 7, NULL, NULL, '1990-10-25 00:00:00', NULL),
(362, 1, NULL, '281', NULL, NULL),
(362, 2, 955, NULL, NULL, NULL),
(362, 5, 1, NULL, NULL, NULL),
(362, 6, 2, NULL, NULL, NULL),
(362, 7, NULL, NULL, '1990-10-25 00:00:00', NULL),
(363, 1, NULL, '281', NULL, NULL),
(363, 2, 955, NULL, NULL, NULL),
(363, 5, 2, NULL, NULL, NULL),
(363, 6, 2, NULL, NULL, NULL),
(363, 7, NULL, NULL, '1990-10-25 00:00:00', NULL),
(364, 1, NULL, '281', NULL, NULL),
(364, 2, 956, NULL, NULL, NULL),
(364, 5, 3, NULL, NULL, NULL),
(364, 6, 4, NULL, NULL, NULL),
(364, 7, NULL, NULL, '1990-10-25 00:00:00', NULL),
(365, 1, NULL, '282', NULL, NULL),
(365, 2, 958, NULL, NULL, NULL),
(365, 5, 2, NULL, NULL, NULL),
(365, 6, 2, NULL, NULL, NULL),
(365, 7, NULL, NULL, '1990-10-25 00:00:00', NULL),
(366, 1, NULL, '282', NULL, NULL),
(366, 2, 959, NULL, NULL, NULL),
(366, 5, 3, NULL, NULL, NULL),
(366, 6, 3, NULL, NULL, NULL),
(366, 7, NULL, NULL, '1990-10-25 00:00:00', NULL),
(367, 1, NULL, '283', NULL, NULL),
(367, 2, 963, NULL, NULL, NULL),
(367, 5, 2, NULL, NULL, NULL),
(367, 6, 5, NULL, NULL, NULL),
(367, 7, NULL, NULL, '1990-10-26 00:00:00', NULL),
(368, 1, NULL, '283', NULL, NULL),
(368, 2, 964, NULL, NULL, NULL),
(368, 5, 3, NULL, NULL, NULL),
(368, 6, 6, NULL, NULL, NULL),
(368, 7, NULL, NULL, '1990-10-26 00:00:00', NULL),
(369, 1, NULL, '284', NULL, NULL),
(369, 2, 967, NULL, NULL, NULL),
(369, 5, 3, NULL, NULL, NULL),
(369, 6, 3, NULL, NULL, NULL),
(369, 7, NULL, NULL, '1990-10-26 00:00:00', NULL),
(370, 1, NULL, '284', NULL, NULL),
(370, 2, 969, NULL, NULL, NULL),
(370, 5, 1, NULL, NULL, NULL),
(370, 6, 1, NULL, NULL, NULL),
(370, 7, NULL, NULL, '1990-10-26 00:00:00', NULL),
(371, 1, NULL, '284', NULL, NULL),
(371, 2, 970, NULL, NULL, NULL),
(371, 5, 1, NULL, NULL, NULL),
(371, 6, 1, NULL, NULL, NULL),
(371, 7, NULL, NULL, '1990-10-26 00:00:00', NULL),
(372, 1, NULL, '284', NULL, NULL),
(372, 2, 971, NULL, NULL, NULL),
(372, 5, 8, NULL, NULL, NULL),
(372, 6, 9, NULL, NULL, NULL),
(372, 7, NULL, NULL, '1990-10-26 00:00:00', NULL),
(373, 1, NULL, 'ad65', NULL, NULL),
(373, 2, 973, NULL, NULL, NULL),
(373, 5, 20, NULL, NULL, NULL),
(373, 6, 31, NULL, NULL, NULL),
(373, 7, NULL, NULL, '1990-10-26 00:00:00', NULL),
(374, 1, NULL, 'ad65', NULL, NULL),
(374, 2, 973, NULL, NULL, NULL),
(374, 5, 21, NULL, NULL, NULL),
(374, 6, 31, NULL, NULL, NULL),
(374, 7, NULL, NULL, '1990-10-26 00:00:00', NULL),
(375, 1, NULL, '286', NULL, NULL),
(375, 2, 980, NULL, NULL, NULL),
(375, 5, 1, NULL, NULL, NULL),
(375, 6, 5, NULL, NULL, NULL),
(375, 7, NULL, NULL, '1990-10-26 00:00:00', NULL),
(376, 1, NULL, '286', NULL, NULL),
(376, 2, 981, NULL, NULL, NULL),
(376, 5, 1, NULL, NULL, NULL),
(376, 6, 4, NULL, NULL, NULL),
(376, 7, NULL, NULL, '1990-10-26 00:00:00', NULL),
(377, 1, NULL, '286', NULL, NULL),
(377, 2, 981, NULL, NULL, NULL),
(377, 5, 2, NULL, NULL, NULL),
(377, 6, 4, NULL, NULL, NULL),
(377, 7, NULL, NULL, '1990-10-26 00:00:00', NULL),
(378, 1, NULL, '286', NULL, NULL),
(378, 2, 981, NULL, NULL, NULL),
(378, 5, 3, NULL, NULL, NULL),
(378, 6, 4, NULL, NULL, NULL),
(378, 7, NULL, NULL, '1990-10-26 00:00:00', NULL),
(379, 1, NULL, '286', NULL, NULL),
(379, 2, 981, NULL, NULL, NULL),
(379, 5, 4, NULL, NULL, NULL),
(379, 6, 4, NULL, NULL, NULL),
(379, 7, NULL, NULL, '1990-10-26 00:00:00', NULL),
(380, 1, NULL, '288', NULL, NULL),
(380, 2, 986, NULL, NULL, NULL),
(380, 5, 1, NULL, NULL, NULL),
(380, 6, 5, NULL, NULL, NULL),
(380, 7, NULL, NULL, '1990-10-26 00:00:00', NULL),
(381, 1, NULL, '288', NULL, NULL),
(381, 2, 987, NULL, NULL, NULL),
(381, 5, 1, NULL, NULL, NULL),
(381, 6, 3, NULL, NULL, NULL),
(381, 7, NULL, NULL, '1990-10-26 00:00:00', NULL),
(382, 1, NULL, '291', NULL, NULL),
(382, 2, 995, NULL, NULL, NULL),
(382, 5, 1, NULL, NULL, NULL),
(382, 6, 2, NULL, NULL, NULL),
(382, 7, NULL, NULL, '1990-10-26 00:00:00', NULL),
(383, 1, NULL, '291', NULL, NULL),
(383, 2, 996, NULL, NULL, NULL),
(383, 5, 1, NULL, NULL, NULL),
(383, 6, 2, NULL, NULL, NULL),
(383, 7, NULL, NULL, '1990-10-26 00:00:00', NULL),
(384, 1, NULL, '292', NULL, NULL),
(384, 2, 999, NULL, NULL, NULL),
(384, 5, 10, NULL, NULL, NULL),
(384, 6, 11, NULL, NULL, NULL),
(384, 7, NULL, NULL, '1990-10-26 00:00:00', NULL),
(385, 1, NULL, '292', NULL, NULL),
(385, 2, 999, NULL, NULL, NULL),
(385, 5, 11, NULL, NULL, NULL),
(385, 6, 11, NULL, NULL, NULL),
(385, 7, NULL, NULL, '1990-10-26 00:00:00', NULL),
(386, 1, NULL, '293', NULL, NULL),
(386, 2, 1003, NULL, NULL, NULL),
(386, 5, 3, NULL, NULL, NULL),
(386, 6, 7, NULL, NULL, NULL),
(386, 7, NULL, NULL, '1990-10-26 00:00:00', NULL),
(387, 1, NULL, '296', NULL, NULL),
(387, 2, 1012, NULL, NULL, NULL),
(387, 5, 2, NULL, NULL, NULL),
(387, 6, 4, NULL, NULL, NULL),
(387, 7, NULL, NULL, '1990-10-26 00:00:00', NULL),
(388, 1, NULL, 'ad68', NULL, NULL),
(388, 2, 1015, NULL, NULL, NULL),
(388, 5, 4, NULL, NULL, NULL),
(388, 6, 9, NULL, NULL, NULL),
(388, 7, NULL, NULL, '1990-10-26 00:00:00', NULL),
(389, 1, NULL, '303', NULL, NULL),
(389, 2, 1026, NULL, NULL, NULL),
(389, 5, 7, NULL, NULL, NULL),
(389, 6, 9, NULL, NULL, NULL),
(389, 7, NULL, NULL, '1990-10-28 00:00:00', NULL),
(390, 1, NULL, '303', NULL, NULL),
(390, 2, 1026, NULL, NULL, NULL),
(390, 5, 9, NULL, NULL, NULL),
(390, 6, 9, NULL, NULL, NULL),
(390, 7, NULL, NULL, '1990-10-28 00:00:00', NULL),
(391, 1, NULL, '308', NULL, NULL),
(391, 2, 1041, NULL, NULL, NULL),
(391, 5, 2, NULL, NULL, NULL),
(391, 6, 5, NULL, NULL, NULL),
(391, 7, NULL, NULL, '1990-10-29 00:00:00', NULL),
(392, 1, NULL, '308', NULL, NULL),
(392, 2, 1042, NULL, NULL, NULL),
(392, 5, 3, NULL, NULL, NULL),
(392, 6, 3, NULL, NULL, NULL),
(392, 7, NULL, NULL, '1990-10-29 00:00:00', NULL),
(393, 1, NULL, '308', NULL, NULL),
(393, 2, 1043, NULL, NULL, NULL),
(393, 5, 1, NULL, NULL, NULL),
(393, 6, 1, NULL, NULL, NULL),
(393, 7, NULL, NULL, '1990-10-29 00:00:00', NULL),
(394, 1, NULL, '309', NULL, NULL),
(394, 2, 1045, NULL, NULL, NULL),
(394, 5, 4, NULL, NULL, NULL),
(394, 6, 4, NULL, NULL, NULL),
(394, 7, NULL, NULL, '1990-10-29 00:00:00', NULL),
(395, 1, NULL, '309', NULL, NULL),
(395, 2, 1046, NULL, NULL, NULL),
(395, 5, 4, NULL, NULL, NULL),
(395, 6, 6, NULL, NULL, NULL),
(395, 7, NULL, NULL, '1990-10-29 00:00:00', NULL),
(396, 1, NULL, '309', NULL, NULL),
(396, 2, 1047, NULL, NULL, NULL),
(396, 5, 5, NULL, NULL, NULL),
(396, 6, 5, NULL, NULL, NULL),
(396, 7, NULL, NULL, '1990-10-29 00:00:00', NULL),
(397, 1, NULL, 'ad70', NULL, NULL),
(397, 2, 1064, NULL, NULL, NULL),
(397, 5, 1, NULL, NULL, NULL),
(397, 6, 2, NULL, NULL, NULL),
(397, 7, NULL, NULL, '1990-10-31 00:00:00', NULL),
(398, 1, NULL, 'ad70', NULL, NULL),
(398, 2, 1065, NULL, NULL, NULL),
(398, 5, 2, NULL, NULL, NULL),
(398, 6, 2, NULL, NULL, NULL),
(398, 7, NULL, NULL, '1990-10-31 00:00:00', NULL),
(399, 1, NULL, '316', NULL, NULL),
(399, 2, 1070, NULL, NULL, NULL),
(399, 5, 4, NULL, NULL, NULL),
(399, 6, 6, NULL, NULL, NULL),
(399, 7, NULL, NULL, '1990-10-31 00:00:00', NULL),
(400, 1, NULL, 'ad71', NULL, NULL),
(400, 2, 1074, NULL, NULL, NULL),
(400, 5, 2, NULL, NULL, NULL),
(400, 6, 2, NULL, NULL, NULL),
(400, 7, NULL, NULL, '1990-10-31 00:00:00', NULL),
(401, 1, NULL, '318', NULL, NULL),
(401, 2, 1079, NULL, NULL, NULL),
(401, 5, 4, NULL, NULL, NULL),
(401, 6, 7, NULL, NULL, NULL),
(401, 7, NULL, NULL, '1990-10-31 00:00:00', NULL),
(402, 1, NULL, '322', NULL, NULL),
(402, 2, 1090, NULL, NULL, NULL),
(402, 5, 1, NULL, NULL, NULL),
(402, 6, 3, NULL, NULL, NULL),
(402, 7, NULL, NULL, '1990-11-02 00:00:00', NULL),
(403, 1, NULL, '322', NULL, NULL),
(403, 2, 1090, NULL, NULL, NULL),
(403, 5, 2, NULL, NULL, NULL),
(403, 6, 3, NULL, NULL, NULL),
(403, 7, NULL, NULL, '1990-11-02 00:00:00', NULL),
(404, 1, NULL, '322', NULL, NULL),
(404, 2, 1091, NULL, NULL, NULL),
(404, 5, 1, NULL, NULL, NULL),
(404, 6, 1, NULL, NULL, NULL),
(404, 7, NULL, NULL, '1990-11-02 00:00:00', NULL),
(405, 1, NULL, '322', NULL, NULL),
(405, 2, 1092, NULL, NULL, NULL),
(405, 5, 1, NULL, NULL, NULL),
(405, 6, 4, NULL, NULL, NULL),
(405, 7, NULL, NULL, '1990-11-02 00:00:00', NULL),
(406, 1, NULL, '323', NULL, NULL),
(406, 2, 1094, NULL, NULL, NULL),
(406, 5, 1, NULL, NULL, NULL),
(406, 6, 1, NULL, NULL, NULL),
(406, 7, NULL, NULL, '1990-11-02 00:00:00', NULL),
(407, 1, NULL, 'ad75', NULL, NULL),
(407, 2, 1112, NULL, NULL, NULL),
(407, 5, 8, NULL, NULL, NULL),
(407, 6, 8, NULL, NULL, NULL),
(407, 7, NULL, NULL, '1990-11-22 00:00:00', NULL),
(408, 1, NULL, '326', NULL, NULL),
(408, 2, 1116, NULL, NULL, NULL),
(408, 5, 3, NULL, NULL, NULL),
(408, 6, 13, NULL, NULL, NULL),
(408, 7, NULL, NULL, '1990-11-22 00:00:00', NULL),
(409, 1, NULL, '326', NULL, NULL),
(409, 2, 1119, NULL, NULL, NULL),
(409, 5, 2, NULL, NULL, NULL),
(409, 6, 5, NULL, NULL, NULL),
(409, 7, NULL, NULL, '1990-11-22 00:00:00', NULL),
(410, 1, NULL, '326', NULL, NULL),
(410, 2, 1119, NULL, NULL, NULL),
(410, 5, 3, NULL, NULL, NULL),
(410, 6, 5, NULL, NULL, NULL),
(410, 7, NULL, NULL, '1990-11-22 00:00:00', NULL),
(411, 1, NULL, '326', NULL, NULL),
(411, 2, 1121, NULL, NULL, NULL),
(411, 5, 3, NULL, NULL, NULL),
(411, 6, 5, NULL, NULL, NULL),
(411, 7, NULL, NULL, '1990-11-22 00:00:00', NULL),
(412, 1, NULL, '326', NULL, NULL),
(412, 2, 1121, NULL, NULL, NULL),
(412, 5, 4, NULL, NULL, NULL),
(412, 6, 5, NULL, NULL, NULL),
(412, 7, NULL, NULL, '1990-11-22 00:00:00', NULL),
(413, 1, NULL, '327', NULL, NULL),
(413, 2, 1125, NULL, NULL, NULL),
(413, 5, 7, NULL, NULL, NULL),
(413, 6, 7, NULL, NULL, NULL),
(413, 7, NULL, NULL, '1990-11-22 00:00:00', NULL),
(414, 1, NULL, 'ad76', NULL, NULL),
(414, 2, 1127, NULL, NULL, NULL),
(414, 5, 1, NULL, NULL, NULL),
(414, 6, 6, NULL, NULL, NULL),
(414, 7, NULL, NULL, '1990-11-22 00:00:00', NULL),
(415, 1, NULL, '328', NULL, NULL),
(415, 2, 1130, NULL, NULL, NULL),
(415, 5, 3, NULL, NULL, NULL),
(415, 6, 6, NULL, NULL, NULL),
(415, 7, NULL, NULL, '1990-11-22 00:00:00', NULL),
(416, 1, NULL, '329', NULL, NULL),
(416, 2, 1132, NULL, NULL, NULL),
(416, 5, 1, NULL, NULL, NULL),
(416, 6, 1, NULL, NULL, NULL),
(416, 7, NULL, NULL, '1990-11-22 00:00:00', NULL),
(417, 1, NULL, '330', NULL, NULL),
(417, 2, 1134, NULL, NULL, NULL),
(417, 5, 2, NULL, NULL, NULL),
(417, 6, 2, NULL, NULL, NULL),
(417, 7, NULL, NULL, '1990-11-22 00:00:00', NULL),
(418, 1, NULL, '338', NULL, NULL),
(418, 2, 1149, NULL, NULL, NULL),
(418, 5, 5, NULL, NULL, NULL),
(418, 6, 6, NULL, NULL, NULL),
(418, 7, NULL, NULL, '1990-12-06 00:00:00', NULL),
(419, 1, NULL, '339', NULL, NULL),
(419, 2, 1153, NULL, NULL, NULL),
(419, 5, 1, NULL, NULL, NULL),
(419, 6, 4, NULL, NULL, NULL),
(419, 7, NULL, NULL, '1990-12-06 00:00:00', NULL),
(420, 1, NULL, '339', NULL, NULL),
(420, 2, 1154, NULL, NULL, NULL),
(420, 5, 2, NULL, NULL, NULL),
(420, 6, 2, NULL, NULL, NULL),
(420, 7, NULL, NULL, '1990-12-06 00:00:00', NULL),
(421, 1, NULL, '339', NULL, NULL),
(421, 2, 1155, NULL, NULL, NULL),
(421, 5, 2, NULL, NULL, NULL),
(421, 6, 2, NULL, NULL, NULL),
(421, 7, NULL, NULL, '1990-12-06 00:00:00', NULL),
(422, 1, NULL, '340', NULL, NULL),
(422, 2, 1157, NULL, NULL, NULL),
(422, 5, 1, NULL, NULL, NULL),
(422, 6, 1, NULL, NULL, NULL),
(422, 7, NULL, NULL, '1990-12-07 00:00:00', NULL),
(423, 1, NULL, '340', NULL, NULL),
(423, 2, 1158, NULL, NULL, NULL),
(423, 5, 1, NULL, NULL, NULL),
(423, 6, 2, NULL, NULL, NULL),
(423, 7, NULL, NULL, '1990-12-07 00:00:00', NULL),
(424, 1, NULL, '344', NULL, NULL),
(424, 2, 1163, NULL, NULL, NULL),
(424, 5, 1, NULL, NULL, NULL),
(424, 6, 1, NULL, NULL, NULL),
(424, 7, NULL, NULL, '1990-12-07 00:00:00', NULL),
(425, 1, NULL, '344', NULL, NULL),
(425, 2, 1164, NULL, NULL, NULL),
(425, 5, 1, NULL, NULL, NULL),
(425, 6, 1, NULL, NULL, NULL),
(425, 7, NULL, NULL, '1990-12-07 00:00:00', NULL),
(426, 1, NULL, '344', NULL, NULL),
(426, 2, 1165, NULL, NULL, NULL),
(426, 5, 1, NULL, NULL, NULL),
(426, 6, 3, NULL, NULL, NULL),
(426, 7, NULL, NULL, '1990-12-07 00:00:00', NULL),
(427, 1, NULL, '344', NULL, NULL),
(427, 2, 1166, NULL, NULL, NULL),
(427, 5, 1, NULL, NULL, NULL),
(427, 6, 1, NULL, NULL, NULL),
(427, 7, NULL, NULL, '1990-12-07 00:00:00', NULL),
(428, 1, NULL, '346', NULL, NULL),
(428, 2, 1171, NULL, NULL, NULL),
(428, 5, 3, NULL, NULL, NULL),
(428, 6, 3, NULL, NULL, NULL),
(428, 7, NULL, NULL, '1990-12-07 00:00:00', NULL),
(429, 1, NULL, 'ad78a', NULL, NULL),
(429, 2, 1176, NULL, NULL, NULL),
(429, 5, 2, NULL, NULL, NULL),
(429, 6, 2, NULL, NULL, NULL),
(429, 7, NULL, NULL, '1990-12-07 00:00:00', NULL),
(430, 1, NULL, 'ad78a', NULL, NULL),
(430, 2, 1177, NULL, NULL, NULL),
(430, 5, 1, NULL, NULL, NULL),
(430, 6, 1, NULL, NULL, NULL),
(430, 7, NULL, NULL, '1990-12-07 00:00:00', NULL),
(431, 1, NULL, 'ad78b', NULL, NULL),
(431, 2, 1181, NULL, NULL, NULL),
(431, 5, 4, NULL, NULL, NULL),
(431, 6, 4, NULL, NULL, NULL),
(431, 7, NULL, NULL, '1990-12-07 00:00:00', NULL),
(432, 1, NULL, '347', NULL, NULL),
(432, 2, 1183, NULL, NULL, NULL),
(432, 5, 3, NULL, NULL, NULL),
(432, 6, 3, NULL, NULL, NULL),
(432, 7, NULL, NULL, '1990-12-07 00:00:00', NULL),
(433, 1, NULL, '347', NULL, NULL),
(433, 2, 1185, NULL, NULL, NULL),
(433, 5, 1, NULL, NULL, NULL),
(433, 6, 3, NULL, NULL, NULL),
(433, 7, NULL, NULL, '1990-12-07 00:00:00', NULL),
(434, 1, NULL, 'ad79', NULL, NULL),
(434, 2, 1188, NULL, NULL, NULL),
(434, 5, 1, NULL, NULL, NULL),
(434, 6, 2, NULL, NULL, NULL),
(434, 7, NULL, NULL, '1990-12-08 00:00:00', NULL),
(435, 1, NULL, 'ad79', NULL, NULL),
(435, 2, 1188, NULL, NULL, NULL),
(435, 5, 2, NULL, NULL, NULL),
(435, 6, 2, NULL, NULL, NULL),
(435, 7, NULL, NULL, '1990-12-08 00:00:00', NULL),
(436, 1, NULL, 'ad79', NULL, NULL),
(436, 2, 1190, NULL, NULL, NULL),
(436, 5, 2, NULL, NULL, NULL),
(436, 6, 2, NULL, NULL, NULL),
(436, 7, NULL, NULL, '1990-12-08 00:00:00', NULL),
(437, 1, NULL, '349', NULL, NULL),
(437, 2, 1193, NULL, NULL, NULL),
(437, 5, 2, NULL, NULL, NULL),
(437, 6, 3, NULL, NULL, NULL),
(437, 7, NULL, NULL, '1990-12-13 00:00:00', NULL),
(438, 1, NULL, '355', NULL, NULL),
(438, 2, 1203, NULL, NULL, NULL),
(438, 5, 1, NULL, NULL, NULL),
(438, 6, 1, NULL, NULL, NULL),
(438, 7, NULL, NULL, '1990-12-13 00:00:00', NULL),
(439, 1, NULL, '355', NULL, NULL),
(439, 2, 1204, NULL, NULL, NULL),
(439, 5, 1, NULL, NULL, NULL),
(439, 6, 2, NULL, NULL, NULL),
(439, 7, NULL, NULL, '1990-12-13 00:00:00', NULL),
(440, 1, NULL, '355', NULL, NULL),
(440, 2, 1204, NULL, NULL, NULL),
(440, 5, 2, NULL, NULL, NULL),
(440, 6, 2, NULL, NULL, NULL),
(440, 7, NULL, NULL, '1990-12-13 00:00:00', NULL),
(441, 1, NULL, 'ad81', NULL, NULL),
(441, 2, 1207, NULL, NULL, NULL),
(441, 5, 10, NULL, NULL, NULL),
(441, 6, 11, NULL, NULL, NULL),
(441, 7, NULL, NULL, '1990-12-13 00:00:00', NULL),
(442, 1, NULL, '357', NULL, NULL),
(442, 2, 1213, NULL, NULL, NULL),
(442, 5, 1, NULL, NULL, NULL),
(442, 6, 1, NULL, NULL, NULL),
(442, 7, NULL, NULL, '1990-12-14 00:00:00', NULL),
(443, 1, NULL, 'ad83', NULL, NULL),
(443, 2, 1215, NULL, NULL, NULL),
(443, 5, 2, NULL, NULL, NULL),
(443, 6, 5, NULL, NULL, NULL),
(443, 7, NULL, NULL, '1990-12-14 00:00:00', NULL),
(444, 1, NULL, '358', NULL, NULL),
(444, 2, 1218, NULL, NULL, NULL),
(444, 5, 1, NULL, NULL, NULL),
(444, 6, 5, NULL, NULL, NULL),
(444, 7, NULL, NULL, '1990-12-14 00:00:00', NULL),
(445, 1, NULL, '358', NULL, NULL),
(445, 2, 1220, NULL, NULL, NULL),
(445, 5, 1, NULL, NULL, NULL),
(445, 6, 1, NULL, NULL, NULL),
(445, 7, NULL, NULL, '1990-12-14 00:00:00', NULL),
(446, 1, NULL, '359', NULL, NULL),
(446, 2, 1222, NULL, NULL, NULL),
(446, 5, 2, NULL, NULL, NULL),
(446, 6, 5, NULL, NULL, NULL),
(446, 7, NULL, NULL, '1990-12-14 00:00:00', NULL),
(447, 1, NULL, '359', NULL, NULL),
(447, 2, 1222, NULL, NULL, NULL),
(447, 5, 3, NULL, NULL, NULL),
(447, 6, 5, NULL, NULL, NULL),
(447, 7, NULL, NULL, '1990-12-14 00:00:00', NULL),
(448, 1, NULL, '361', NULL, NULL),
(448, 2, 1233, NULL, NULL, NULL),
(448, 5, 4, NULL, NULL, NULL),
(448, 6, 7, NULL, NULL, NULL),
(448, 7, NULL, NULL, '1990-12-14 00:00:00', NULL),
(449, 1, NULL, 'ad85', NULL, NULL),
(449, 2, 1239, NULL, NULL, NULL),
(449, 5, 2, NULL, NULL, NULL),
(449, 6, 3, NULL, NULL, NULL),
(449, 7, NULL, NULL, '1990-12-14 00:00:00', NULL),
(450, 1, NULL, '363', NULL, NULL),
(450, 2, 1242, NULL, NULL, NULL),
(450, 5, 1, NULL, NULL, NULL),
(450, 6, 7, NULL, NULL, NULL),
(450, 7, NULL, NULL, '1990-12-14 00:00:00', NULL),
(451, 1, NULL, '365', NULL, NULL),
(451, 2, 1249, NULL, NULL, NULL),
(451, 5, 1, NULL, NULL, NULL),
(451, 6, 3, NULL, NULL, NULL),
(451, 7, NULL, NULL, '1990-12-14 00:00:00', NULL),
(452, 1, NULL, '365', NULL, NULL),
(452, 2, 1250, NULL, NULL, NULL),
(452, 5, 1, NULL, NULL, NULL),
(452, 6, 3, NULL, NULL, NULL),
(452, 7, NULL, NULL, '1990-12-14 00:00:00', NULL),
(453, 1, NULL, 'ad86', NULL, NULL),
(453, 2, 1253, NULL, NULL, NULL),
(453, 6, 8, NULL, NULL, NULL),
(453, 7, NULL, NULL, '1990-12-14 00:00:00', NULL),
(454, 1, NULL, 'ad86-longo', NULL, NULL),
(454, 2, 1253, NULL, NULL, NULL),
(454, 6, 8, NULL, NULL, NULL),
(454, 7, NULL, NULL, '1990-12-14 00:00:00', NULL),
(455, 1, NULL, 'ad86-longo', NULL, NULL),
(455, 2, 1253, NULL, NULL, NULL),
(455, 6, 8, NULL, NULL, NULL),
(455, 7, NULL, NULL, '1990-12-14 00:00:00', NULL),
(456, 1, NULL, 'ad86-longo', NULL, NULL),
(456, 2, 1253, NULL, NULL, NULL),
(456, 6, 8, NULL, NULL, NULL),
(456, 7, NULL, NULL, '1990-12-14 00:00:00', NULL),
(457, 1, NULL, '366', NULL, NULL),
(457, 2, 1256, NULL, NULL, NULL),
(457, 5, 1, NULL, NULL, NULL),
(457, 6, 2, NULL, NULL, NULL),
(457, 7, NULL, NULL, '1990-12-14 00:00:00', NULL),
(458, 1, NULL, '370', NULL, NULL),
(458, 2, 1264, NULL, NULL, NULL),
(458, 5, 3, NULL, NULL, NULL),
(458, 6, 3, NULL, NULL, NULL),
(458, 7, NULL, NULL, '1990-12-14 00:00:00', NULL),
(459, 1, NULL, 'ad87', NULL, NULL),
(459, 2, 1266, NULL, NULL, NULL),
(459, 5, 3, NULL, NULL, NULL),
(459, 6, 4, NULL, NULL, NULL),
(459, 7, NULL, NULL, '1990-12-14 00:00:00', NULL),
(460, 1, NULL, '371', NULL, NULL),
(460, 2, 1268, NULL, NULL, NULL),
(460, 5, 2, NULL, NULL, NULL),
(460, 6, 5, NULL, NULL, NULL),
(460, 7, NULL, NULL, '1990-12-14 00:00:00', NULL),
(461, 1, NULL, '373', NULL, NULL),
(461, 2, 1277, NULL, NULL, NULL),
(461, 5, 2, NULL, NULL, NULL),
(461, 6, 5, NULL, NULL, NULL),
(461, 7, NULL, NULL, '1990-12-14 00:00:00', NULL),
(462, 1, NULL, '373', NULL, NULL),
(462, 2, 1279, NULL, NULL, NULL),
(462, 5, 2, NULL, NULL, NULL),
(462, 6, 3, NULL, NULL, NULL),
(462, 7, NULL, NULL, '1990-12-14 00:00:00', NULL),
(463, 1, NULL, '374', NULL, NULL),
(463, 2, 1282, NULL, NULL, NULL),
(463, 5, 1, NULL, NULL, NULL),
(463, 6, 1, NULL, NULL, NULL),
(463, 7, NULL, NULL, '1990-12-14 00:00:00', NULL),
(464, 1, NULL, '374', NULL, NULL),
(464, 2, 1283, NULL, NULL, NULL),
(464, 5, 2, NULL, NULL, NULL),
(464, 6, 3, NULL, NULL, NULL),
(464, 7, NULL, NULL, '1990-12-14 00:00:00', NULL),
(465, 1, NULL, '374', NULL, NULL),
(465, 2, 1284, NULL, NULL, NULL),
(465, 5, 1, NULL, NULL, NULL),
(465, 6, 8, NULL, NULL, NULL),
(465, 7, NULL, NULL, '1990-12-14 00:00:00', NULL),
(466, 1, NULL, 'ad88', NULL, NULL),
(466, 2, 1286, NULL, NULL, NULL),
(466, 5, 1, NULL, NULL, NULL),
(466, 6, 6, NULL, NULL, NULL),
(466, 7, NULL, NULL, '1990-12-14 00:00:00', NULL),
(467, 1, NULL, 'ad88', NULL, NULL),
(467, 2, 1287, NULL, NULL, NULL),
(467, 5, 5, NULL, NULL, NULL),
(467, 6, 5, NULL, NULL, NULL),
(467, 7, NULL, NULL, '1990-12-14 00:00:00', NULL),
(468, 1, NULL, 'ad88', NULL, NULL),
(468, 2, 1288, NULL, NULL, NULL),
(468, 5, 3, NULL, NULL, NULL),
(468, 6, 5, NULL, NULL, NULL),
(468, 7, NULL, NULL, '1990-12-14 00:00:00', NULL),
(469, 1, NULL, 'ad88', NULL, NULL),
(469, 2, 1288, NULL, NULL, NULL),
(469, 5, 5, NULL, NULL, NULL),
(469, 6, 5, NULL, NULL, NULL),
(469, 7, NULL, NULL, '1990-12-14 00:00:00', NULL),
(470, 1, NULL, '375', NULL, NULL),
(470, 2, 1291, NULL, NULL, NULL),
(470, 5, 2, NULL, NULL, NULL),
(470, 6, 3, NULL, NULL, NULL),
(470, 7, NULL, NULL, '1990-12-15 00:00:00', NULL),
(471, 1, NULL, '375', NULL, NULL),
(471, 2, 1291, NULL, NULL, NULL),
(471, 5, 3, NULL, NULL, NULL),
(471, 6, 3, NULL, NULL, NULL),
(471, 7, NULL, NULL, '1990-12-15 00:00:00', NULL),
(472, 1, NULL, '377', NULL, NULL),
(472, 2, 1298, NULL, NULL, NULL),
(472, 5, 2, NULL, NULL, NULL),
(472, 6, 2, NULL, NULL, NULL),
(472, 7, NULL, NULL, '1990-12-15 00:00:00', NULL),
(473, 1, NULL, '377', NULL, NULL),
(473, 2, 1300, NULL, NULL, NULL),
(473, 5, 1, NULL, NULL, NULL),
(473, 6, 1, NULL, NULL, NULL),
(473, 7, NULL, NULL, '1990-12-15 00:00:00', NULL),
(474, 1, NULL, '377', NULL, NULL),
(474, 2, 1301, NULL, NULL, NULL),
(474, 5, 8, NULL, NULL, NULL),
(474, 6, 8, NULL, NULL, NULL),
(474, 7, NULL, NULL, '1990-12-15 00:00:00', NULL),
(475, 1, NULL, '377', NULL, NULL),
(475, 2, 1302, NULL, NULL, NULL),
(475, 5, 2, NULL, NULL, NULL),
(475, 6, 3, NULL, NULL, NULL),
(475, 7, NULL, NULL, '1990-12-15 00:00:00', NULL),
(476, 1, NULL, '377', NULL, NULL),
(476, 2, 1303, NULL, NULL, NULL),
(476, 5, 3, NULL, NULL, NULL),
(476, 6, 4, NULL, NULL, NULL),
(476, 7, NULL, NULL, '1990-12-15 00:00:00', NULL),
(477, 1, NULL, '377', NULL, NULL),
(477, 2, 1304, NULL, NULL, NULL),
(477, 5, 1, NULL, NULL, NULL),
(477, 6, 1, NULL, NULL, NULL),
(477, 7, NULL, NULL, '1990-12-15 00:00:00', NULL),
(478, 1, NULL, '378', NULL, NULL),
(478, 2, 1307, NULL, NULL, NULL),
(478, 5, 2, NULL, NULL, NULL),
(478, 6, 2, NULL, NULL, NULL),
(478, 7, NULL, NULL, '1990-12-15 00:00:00', NULL),
(479, 1, NULL, '378', NULL, NULL),
(479, 2, 1308, NULL, NULL, NULL),
(479, 5, 1, NULL, NULL, NULL),
(479, 6, 1, NULL, NULL, NULL),
(479, 7, NULL, NULL, '1990-12-15 00:00:00', NULL),
(480, 1, NULL, '378', NULL, NULL),
(480, 2, 1310, NULL, NULL, NULL),
(480, 6, 9, NULL, NULL, NULL),
(480, 7, NULL, NULL, '1990-12-15 00:00:00', NULL),
(481, 1, NULL, 'ad89a', NULL, NULL),
(481, 2, 1314, NULL, NULL, NULL),
(481, 5, 11, NULL, NULL, NULL),
(481, 6, 19, NULL, NULL, NULL),
(481, 7, NULL, NULL, '1990-12-15 00:00:00', NULL),
(482, 1, NULL, 'ad89a', NULL, NULL),
(482, 2, 1317, NULL, NULL, NULL),
(482, 5, 5, NULL, NULL, NULL),
(482, 6, 5, NULL, NULL, NULL),
(482, 7, NULL, NULL, '1990-12-15 00:00:00', NULL),
(483, 1, NULL, 'ad89b', NULL, NULL),
(483, 2, 1321, NULL, NULL, NULL),
(483, 5, 6, NULL, NULL, NULL),
(483, 6, 9, NULL, NULL, NULL),
(483, 7, NULL, NULL, '1990-12-15 00:00:00', NULL),
(484, 1, NULL, '379', NULL, NULL),
(484, 2, 1325, NULL, NULL, NULL),
(484, 5, 5, NULL, NULL, NULL),
(484, 6, 5, NULL, NULL, NULL),
(484, 7, NULL, NULL, '1990-12-16 00:00:00', NULL),
(485, 1, NULL, '380', NULL, NULL),
(485, 2, 1330, NULL, NULL, NULL),
(485, 5, 2, NULL, NULL, NULL),
(485, 6, 4, NULL, NULL, NULL),
(485, 7, NULL, NULL, '1990-12-16 00:00:00', NULL),
(486, 1, NULL, '380', NULL, NULL),
(486, 2, 1333, NULL, NULL, NULL),
(486, 5, 8, NULL, NULL, NULL),
(486, 6, 8, NULL, NULL, NULL),
(486, 7, NULL, NULL, '1990-12-16 00:00:00', NULL),
(487, 1, NULL, '381', NULL, NULL),
(487, 2, 1339, NULL, NULL, NULL),
(487, 5, 3, NULL, NULL, NULL),
(487, 6, 8, NULL, NULL, NULL),
(487, 7, NULL, NULL, '1990-12-16 00:00:00', NULL),
(488, 1, NULL, '382', NULL, NULL),
(488, 2, 1342, NULL, NULL, NULL),
(488, 5, 2, NULL, NULL, NULL),
(488, 6, 2, NULL, NULL, NULL),
(488, 7, NULL, NULL, '1990-12-16 00:00:00', NULL),
(489, 1, NULL, '382', NULL, NULL),
(489, 2, 1343, NULL, NULL, NULL),
(489, 5, 1, NULL, NULL, NULL),
(489, 6, 1, NULL, NULL, NULL),
(489, 7, NULL, NULL, '1990-12-16 00:00:00', NULL),
(490, 1, NULL, 'ad91', NULL, NULL),
(490, 2, 1346, NULL, NULL, NULL),
(490, 5, 2, NULL, NULL, NULL),
(490, 6, 2, NULL, NULL, NULL),
(490, 7, NULL, NULL, '1990-12-16 00:00:00', NULL),
(491, 1, NULL, '383', NULL, NULL),
(491, 2, 1348, NULL, NULL, NULL),
(491, 5, 3, NULL, NULL, NULL),
(491, 6, 3, NULL, NULL, NULL),
(491, 7, NULL, NULL, '1990-12-16 00:00:00', NULL),
(492, 1, NULL, '383', NULL, NULL),
(492, 2, 1353, NULL, NULL, NULL),
(492, 5, 3, NULL, NULL, NULL),
(492, 6, 10, NULL, NULL, NULL),
(492, 7, NULL, NULL, '1990-12-16 00:00:00', NULL),
(493, 1, NULL, '383', NULL, NULL),
(493, 2, 1353, NULL, NULL, NULL),
(493, 5, 8, NULL, NULL, NULL),
(493, 6, 10, NULL, NULL, NULL),
(493, 7, NULL, NULL, '1990-12-16 00:00:00', NULL),
(494, 1, NULL, '389', NULL, NULL),
(494, 2, 1373, NULL, NULL, NULL),
(494, 5, 2, NULL, NULL, NULL),
(494, 6, 4, NULL, NULL, NULL),
(494, 7, NULL, NULL, '1990-12-16 00:00:00', NULL),
(495, 1, NULL, 'ad94', NULL, NULL),
(495, 2, 1375, NULL, NULL, NULL),
(495, 5, 6, NULL, NULL, NULL),
(495, 6, 10, NULL, NULL, NULL),
(495, 7, NULL, NULL, '1990-12-16 00:00:00', NULL),
(496, 1, NULL, '391', NULL, NULL),
(496, 2, 1380, NULL, NULL, NULL),
(496, 5, 7, NULL, NULL, NULL),
(496, 6, 8, NULL, NULL, NULL),
(496, 7, NULL, NULL, '1990-12-16 00:00:00', NULL),
(497, 1, NULL, '391', NULL, NULL),
(497, 2, 1380, NULL, NULL, NULL),
(497, 5, 8, NULL, NULL, NULL),
(497, 6, 8, NULL, NULL, NULL),
(497, 7, NULL, NULL, '1990-12-16 00:00:00', NULL),
(498, 1, NULL, '394', NULL, NULL),
(498, 2, 1388, NULL, NULL, NULL),
(498, 5, 3, NULL, NULL, NULL),
(498, 6, 3, NULL, NULL, NULL),
(498, 7, NULL, NULL, '1990-12-16 00:00:00', NULL),
(499, 1, NULL, '394', NULL, NULL),
(499, 2, 1390, NULL, NULL, NULL),
(499, 5, 3, NULL, NULL, NULL),
(499, 6, 4, NULL, NULL, NULL),
(499, 7, NULL, NULL, '1990-12-16 00:00:00', NULL),
(500, 1, NULL, '395', NULL, NULL),
(500, 2, 1392, NULL, NULL, NULL),
(500, 5, 2, NULL, NULL, NULL),
(500, 6, 3, NULL, NULL, NULL),
(500, 7, NULL, NULL, '1990-12-16 00:00:00', NULL),
(501, 1, NULL, '395', NULL, NULL),
(501, 2, 1394, NULL, NULL, NULL),
(501, 5, 2, NULL, NULL, NULL),
(501, 6, 3, NULL, NULL, NULL),
(501, 7, NULL, NULL, '1990-12-16 00:00:00', NULL),
(502, 1, NULL, '396', NULL, NULL),
(502, 2, 1401, NULL, NULL, NULL),
(502, 5, 1, NULL, NULL, NULL),
(502, 6, 1, NULL, NULL, NULL),
(502, 7, NULL, NULL, '1991-01-08 00:00:00', NULL),
(503, 1, NULL, '404', NULL, NULL),
(503, 2, 1432, NULL, NULL, NULL),
(503, 5, 4, NULL, NULL, NULL),
(503, 6, 4, NULL, NULL, NULL),
(503, 7, NULL, NULL, '1991-01-21 00:00:00', NULL),
(504, 1, NULL, '405', NULL, NULL),
(504, 2, 1435, NULL, NULL, NULL),
(504, 5, 1, NULL, NULL, NULL),
(504, 6, 2, NULL, NULL, NULL),
(504, 7, NULL, NULL, '1991-01-21 00:00:00', NULL),
(505, 1, NULL, '405', NULL, NULL),
(505, 2, 1435, NULL, NULL, NULL),
(505, 5, 2, NULL, NULL, NULL),
(505, 6, 2, NULL, NULL, NULL),
(505, 7, NULL, NULL, '1991-01-21 00:00:00', NULL),
(506, 1, NULL, '405', NULL, NULL),
(506, 2, 1437, NULL, NULL, NULL),
(506, 5, 3, NULL, NULL, NULL),
(506, 6, 5, NULL, NULL, NULL),
(506, 7, NULL, NULL, '1991-01-21 00:00:00', NULL),
(507, 1, NULL, '405', NULL, NULL),
(507, 2, 1437, NULL, NULL, NULL),
(507, 5, 4, NULL, NULL, NULL),
(507, 6, 5, NULL, NULL, NULL),
(507, 7, NULL, NULL, '1991-01-21 00:00:00', NULL),
(508, 1, NULL, '405', NULL, NULL),
(508, 2, 1439, NULL, NULL, NULL),
(508, 5, 1, NULL, NULL, NULL),
(508, 6, 3, NULL, NULL, NULL),
(508, 7, NULL, NULL, '1991-01-21 00:00:00', NULL),
(509, 1, NULL, '405', NULL, NULL),
(509, 2, 1439, NULL, NULL, NULL),
(509, 5, 2, NULL, NULL, NULL),
(509, 6, 3, NULL, NULL, NULL),
(509, 7, NULL, NULL, '1991-01-21 00:00:00', NULL),
(510, 1, NULL, '406', NULL, NULL),
(510, 2, 1443, NULL, NULL, NULL),
(510, 5, 4, NULL, NULL, NULL),
(510, 6, 4, NULL, NULL, NULL),
(510, 7, NULL, NULL, '1991-01-21 00:00:00', NULL),
(511, 1, NULL, '406', NULL, NULL),
(511, 2, 1444, NULL, NULL, NULL),
(511, 5, 4, NULL, NULL, NULL),
(511, 6, 8, NULL, NULL, NULL),
(511, 7, NULL, NULL, '1991-01-21 00:00:00', NULL),
(512, 1, NULL, '406', NULL, NULL),
(512, 2, 1444, NULL, NULL, NULL),
(512, 5, 5, NULL, NULL, NULL),
(512, 6, 8, NULL, NULL, NULL),
(512, 7, NULL, NULL, '1991-01-21 00:00:00', NULL),
(513, 1, NULL, 'ad100', NULL, NULL),
(513, 2, 1453, NULL, NULL, NULL),
(513, 5, 1, NULL, NULL, NULL),
(513, 6, 3, NULL, NULL, NULL),
(513, 7, NULL, NULL, '1991-01-21 00:00:00', NULL),
(514, 1, NULL, 'ad101', NULL, NULL),
(514, 2, 1463, NULL, NULL, NULL),
(514, 5, 1, NULL, NULL, NULL),
(514, 6, 1, NULL, NULL, NULL),
(514, 7, NULL, NULL, '1991-01-21 00:00:00', NULL),
(515, 1, NULL, '419', NULL, NULL),
(515, 2, 1465, NULL, NULL, NULL),
(515, 5, 2, NULL, NULL, NULL),
(515, 6, 2, NULL, NULL, NULL),
(515, 7, NULL, NULL, '1991-01-21 00:00:00', NULL),
(516, 1, NULL, '420', NULL, NULL),
(516, 2, 1467, NULL, NULL, NULL),
(516, 5, 5, NULL, NULL, NULL),
(516, 6, 6, NULL, NULL, NULL),
(516, 7, NULL, NULL, '1991-01-21 00:00:00', NULL),
(517, 1, NULL, '424', NULL, NULL),
(517, 2, 1477, NULL, NULL, NULL),
(517, 5, 1, NULL, NULL, NULL),
(517, 6, 3, NULL, NULL, NULL),
(517, 7, NULL, NULL, '1991-01-23 00:00:00', NULL),
(518, 1, NULL, '424', NULL, NULL),
(518, 2, 1478, NULL, NULL, NULL),
(518, 5, 2, NULL, NULL, NULL),
(518, 6, 2, NULL, NULL, NULL),
(518, 7, NULL, NULL, '1991-01-23 00:00:00', NULL),
(519, 1, NULL, '425', NULL, NULL),
(519, 2, 1483, NULL, NULL, NULL),
(519, 5, 2, NULL, NULL, NULL),
(519, 6, 6, NULL, NULL, NULL),
(519, 7, NULL, NULL, '1991-01-23 00:00:00', NULL),
(520, 1, NULL, '425', NULL, NULL),
(520, 2, 1483, NULL, NULL, NULL),
(520, 5, 6, NULL, NULL, NULL),
(520, 6, 6, NULL, NULL, NULL),
(520, 7, NULL, NULL, '1991-01-23 00:00:00', NULL),
(521, 1, NULL, '426', NULL, NULL),
(521, 2, 1485, NULL, NULL, NULL),
(521, 5, 1, NULL, NULL, NULL),
(521, 6, 1, NULL, NULL, NULL),
(521, 7, NULL, NULL, '1991-01-23 00:00:00', NULL),
(522, 1, NULL, '429', NULL, NULL),
(522, 2, 1490, NULL, NULL, NULL),
(522, 5, 1, NULL, NULL, NULL),
(522, 6, 1, NULL, NULL, NULL),
(522, 7, NULL, NULL, '1991-01-26 00:00:00', NULL),
(523, 1, NULL, '429', NULL, NULL),
(523, 2, 1491, NULL, NULL, NULL),
(523, 5, 1, NULL, NULL, NULL),
(523, 6, 1, NULL, NULL, NULL),
(523, 7, NULL, NULL, '1991-01-26 00:00:00', NULL),
(524, 1, NULL, '429', NULL, NULL),
(524, 2, 1492, NULL, NULL, NULL),
(524, 5, 1, NULL, NULL, NULL),
(524, 6, 1, NULL, NULL, NULL),
(524, 7, NULL, NULL, '1991-01-26 00:00:00', NULL),
(525, 1, NULL, '429', NULL, NULL),
(525, 2, 1493, NULL, NULL, NULL),
(525, 5, 1, NULL, NULL, NULL),
(525, 6, 1, NULL, NULL, NULL),
(525, 7, NULL, NULL, '1991-01-26 00:00:00', NULL),
(526, 1, NULL, '429', NULL, NULL),
(526, 2, 1494, NULL, NULL, NULL),
(526, 5, 1, NULL, NULL, NULL),
(526, 6, 2, NULL, NULL, NULL),
(526, 7, NULL, NULL, '1991-01-26 00:00:00', NULL),
(527, 1, NULL, '429', NULL, NULL),
(527, 2, 1495, NULL, NULL, NULL),
(527, 5, 1, NULL, NULL, NULL),
(527, 6, 1, NULL, NULL, NULL),
(527, 7, NULL, NULL, '1991-01-26 00:00:00', NULL),
(528, 1, NULL, '429', NULL, NULL),
(528, 2, 1496, NULL, NULL, NULL),
(528, 5, 1, NULL, NULL, NULL),
(528, 6, 1, NULL, NULL, NULL),
(528, 7, NULL, NULL, '1991-01-26 00:00:00', NULL),
(529, 1, NULL, '429', NULL, NULL),
(529, 2, 1497, NULL, NULL, NULL),
(529, 5, 1, NULL, NULL, NULL),
(529, 6, 1, NULL, NULL, NULL),
(529, 7, NULL, NULL, '1991-01-26 00:00:00', NULL),
(530, 1, NULL, '429', NULL, NULL),
(530, 2, 1498, NULL, NULL, NULL),
(530, 5, 1, NULL, NULL, NULL),
(530, 6, 2, NULL, NULL, NULL),
(530, 7, NULL, NULL, '1991-01-26 00:00:00', NULL),
(531, 1, NULL, '429', NULL, NULL),
(531, 2, 1499, NULL, NULL, NULL),
(531, 5, 1, NULL, NULL, NULL),
(531, 6, 1, NULL, NULL, NULL),
(531, 7, NULL, NULL, '1991-01-26 00:00:00', NULL),
(532, 1, NULL, '429', NULL, NULL),
(532, 2, 1500, NULL, NULL, NULL),
(532, 5, 1, NULL, NULL, NULL),
(532, 6, 1, NULL, NULL, NULL),
(532, 7, NULL, NULL, '1991-01-26 00:00:00', NULL),
(533, 1, NULL, '429', NULL, NULL),
(533, 2, 1501, NULL, NULL, NULL),
(533, 5, 1, NULL, NULL, NULL),
(533, 6, 1, NULL, NULL, NULL),
(533, 7, NULL, NULL, '1991-01-26 00:00:00', NULL),
(534, 1, NULL, '429', NULL, NULL),
(534, 2, 1502, NULL, NULL, NULL),
(534, 5, 1, NULL, NULL, NULL),
(534, 6, 2, NULL, NULL, NULL),
(534, 7, NULL, NULL, '1991-01-26 00:00:00', NULL),
(535, 1, NULL, '430', NULL, NULL),
(535, 2, 1504, NULL, NULL, NULL),
(535, 5, 1, NULL, NULL, NULL),
(535, 6, 1, NULL, NULL, NULL),
(535, 7, NULL, NULL, '1991-01-26 00:00:00', NULL),
(536, 1, NULL, '430', NULL, NULL),
(536, 2, 1505, NULL, NULL, NULL),
(536, 5, 1, NULL, NULL, NULL),
(536, 6, 2, NULL, NULL, NULL),
(536, 7, NULL, NULL, '1991-01-26 00:00:00', NULL),
(537, 1, NULL, 'ad102', NULL, NULL),
(537, 2, 1509, NULL, NULL, NULL),
(537, 5, 3, NULL, NULL, NULL),
(537, 6, 7, NULL, NULL, NULL),
(537, 7, NULL, NULL, '1991-01-27 00:00:00', NULL),
(538, 1, NULL, '432', NULL, NULL),
(538, 2, 1515, NULL, NULL, NULL),
(538, 5, 1, NULL, NULL, NULL),
(538, 6, 5, NULL, NULL, NULL),
(538, 7, NULL, NULL, '1991-01-27 00:00:00', NULL),
(539, 1, NULL, '432', NULL, NULL),
(539, 2, 1515, NULL, NULL, NULL),
(539, 5, 2, NULL, NULL, NULL),
(539, 6, 5, NULL, NULL, NULL),
(539, 7, NULL, NULL, '1991-01-27 00:00:00', NULL),
(540, 1, NULL, '435', NULL, NULL),
(540, 2, 1520, NULL, NULL, NULL),
(540, 5, 3, NULL, NULL, NULL),
(540, 6, 3, NULL, NULL, NULL),
(540, 7, NULL, NULL, '1991-01-27 00:00:00', NULL),
(541, 1, NULL, '435', NULL, NULL),
(541, 2, 1521, NULL, NULL, NULL),
(541, 5, 1, NULL, NULL, NULL),
(541, 6, 4, NULL, NULL, NULL),
(541, 7, NULL, NULL, '1991-01-27 00:00:00', NULL),
(542, 1, NULL, '436', NULL, NULL),
(542, 2, 1523, NULL, NULL, NULL),
(542, 5, 1, NULL, NULL, NULL),
(542, 6, 1, NULL, NULL, NULL),
(542, 7, NULL, NULL, '1991-01-27 00:00:00', NULL),
(543, 1, NULL, '436', NULL, NULL),
(543, 2, 1526, NULL, NULL, NULL),
(543, 5, 2, NULL, NULL, NULL),
(543, 6, 2, NULL, NULL, NULL),
(543, 7, NULL, NULL, '1991-01-27 00:00:00', NULL),
(544, 1, NULL, '436', NULL, NULL),
(544, 2, 1527, NULL, NULL, NULL),
(544, 5, 1, NULL, NULL, NULL),
(544, 6, 1, NULL, NULL, NULL),
(544, 7, NULL, NULL, '1991-01-27 00:00:00', NULL),
(545, 1, NULL, '437', NULL, NULL),
(545, 2, 1530, NULL, NULL, NULL),
(545, 5, 2, NULL, NULL, NULL),
(545, 6, 4, NULL, NULL, NULL),
(545, 7, NULL, NULL, '1991-01-27 00:00:00', NULL),
(546, 1, NULL, '450', NULL, NULL),
(546, 2, 1557, NULL, NULL, NULL),
(546, 5, 1, NULL, NULL, NULL),
(546, 6, 2, NULL, NULL, NULL),
(546, 7, NULL, NULL, '1991-02-03 00:00:00', NULL),
(547, 1, NULL, '451', NULL, NULL),
(547, 2, 1563, NULL, NULL, NULL),
(547, 5, 4, NULL, NULL, NULL),
(547, 6, 7, NULL, NULL, NULL),
(547, 7, NULL, NULL, '1991-02-03 00:00:00', NULL),
(548, 1, NULL, '451', NULL, NULL),
(548, 2, 1564, NULL, NULL, NULL),
(548, 5, 2, NULL, NULL, NULL),
(548, 6, 10, NULL, NULL, NULL),
(548, 7, NULL, NULL, '1991-02-03 00:00:00', NULL),
(549, 1, NULL, '451', NULL, NULL),
(549, 2, 1564, NULL, NULL, NULL),
(549, 5, 3, NULL, NULL, NULL),
(549, 6, 10, NULL, NULL, NULL),
(549, 7, NULL, NULL, '1991-02-03 00:00:00', NULL),
(550, 1, NULL, '454', NULL, NULL),
(550, 2, 1573, NULL, NULL, NULL),
(550, 5, 3, NULL, NULL, NULL),
(550, 6, 3, NULL, NULL, NULL),
(550, 7, NULL, NULL, '1991-02-03 00:00:00', NULL),
(551, 1, NULL, '454', NULL, NULL),
(551, 2, 1574, NULL, NULL, NULL),
(551, 5, 3, NULL, NULL, NULL),
(551, 6, 8, NULL, NULL, NULL),
(551, 7, NULL, NULL, '1991-02-03 00:00:00', NULL),
(552, 1, NULL, 'ad104', NULL, NULL),
(552, 2, 1576, NULL, NULL, NULL),
(552, 6, 7, NULL, NULL, NULL),
(552, 7, NULL, NULL, '1991-02-03 00:00:00', NULL),
(553, 1, NULL, '455', NULL, NULL),
(553, 2, 1579, NULL, NULL, NULL),
(553, 5, 1, NULL, NULL, NULL),
(553, 6, 1, NULL, NULL, NULL),
(553, 7, NULL, NULL, '1991-02-03 00:00:00', NULL),
(554, 1, NULL, '456', NULL, NULL),
(554, 2, 1581, NULL, NULL, NULL),
(554, 5, 2, NULL, NULL, NULL),
(554, 6, 2, NULL, NULL, NULL),
(554, 7, NULL, NULL, '1991-02-03 00:00:00', NULL),
(555, 1, NULL, '456', NULL, NULL),
(555, 2, 1582, NULL, NULL, NULL),
(555, 5, 3, NULL, NULL, NULL),
(555, 6, 3, NULL, NULL, NULL),
(555, 7, NULL, NULL, '1991-02-03 00:00:00', NULL),
(556, 1, NULL, '456', NULL, NULL),
(556, 2, 1583, NULL, NULL, NULL),
(556, 5, 1, NULL, NULL, NULL),
(556, 6, 2, NULL, NULL, NULL),
(556, 7, NULL, NULL, '1991-02-03 00:00:00', NULL),
(557, 1, NULL, '457', NULL, NULL),
(557, 2, 1585, NULL, NULL, NULL),
(557, 5, 1, NULL, NULL, NULL),
(557, 6, 7, NULL, NULL, NULL),
(557, 7, NULL, NULL, '1991-02-03 00:00:00', NULL),
(558, 1, NULL, '457', NULL, NULL),
(558, 2, 1586, NULL, NULL, NULL),
(558, 5, 6, NULL, NULL, NULL),
(558, 6, 8, NULL, NULL, NULL),
(558, 7, NULL, NULL, '1991-02-03 00:00:00', NULL),
(559, 1, NULL, '457', NULL, NULL),
(559, 2, 1587, NULL, NULL, NULL),
(559, 5, 1, NULL, NULL, NULL),
(559, 6, 1, NULL, NULL, NULL),
(559, 7, NULL, NULL, '1991-02-03 00:00:00', NULL),
(560, 1, NULL, '458', NULL, NULL),
(560, 2, 1589, NULL, NULL, NULL),
(560, 5, 1, NULL, NULL, NULL),
(560, 6, 1, NULL, NULL, NULL),
(560, 7, NULL, NULL, '1991-02-03 00:00:00', NULL),
(561, 1, NULL, '458', NULL, NULL),
(561, 2, 1590, NULL, NULL, NULL),
(561, 5, 1, NULL, NULL, NULL),
(561, 6, 3, NULL, NULL, NULL),
(561, 7, NULL, NULL, '1991-02-03 00:00:00', NULL),
(562, 1, NULL, '458', NULL, NULL),
(562, 2, 1591, NULL, NULL, NULL),
(562, 5, 1, NULL, NULL, NULL),
(562, 6, 2, NULL, NULL, NULL),
(562, 7, NULL, NULL, '1991-02-03 00:00:00', NULL),
(563, 1, NULL, '458', NULL, NULL),
(563, 2, 1592, NULL, NULL, NULL),
(563, 5, 3, NULL, NULL, NULL),
(563, 6, 4, NULL, NULL, NULL),
(563, 7, NULL, NULL, '1991-02-03 00:00:00', NULL),
(564, 1, NULL, 'ad105', NULL, NULL),
(564, 2, 1594, NULL, NULL, NULL),
(564, 5, 4, NULL, NULL, NULL),
(564, 6, 6, NULL, NULL, NULL),
(564, 7, NULL, NULL, '1991-02-03 00:00:00', NULL),
(565, 1, NULL, 'ad105', NULL, NULL),
(565, 2, 1595, NULL, NULL, NULL),
(565, 5, 1, NULL, NULL, NULL),
(565, 6, 2, NULL, NULL, NULL),
(565, 7, NULL, NULL, '1991-02-03 00:00:00', NULL);
INSERT INTO `meta_values` (`tuple_id`, `meta_id`, `int_val`, `txt_val`, `date_val`, `float_val`) VALUES
(566, 1, NULL, 'ad105', NULL, NULL),
(566, 2, 1596, NULL, NULL, NULL),
(566, 5, 2, NULL, NULL, NULL),
(566, 6, 4, NULL, NULL, NULL),
(566, 7, NULL, NULL, '1991-02-03 00:00:00', NULL),
(567, 1, NULL, 'ad105', NULL, NULL),
(567, 2, 1596, NULL, NULL, NULL),
(567, 5, 4, NULL, NULL, NULL),
(567, 6, 4, NULL, NULL, NULL),
(567, 7, NULL, NULL, '1991-02-03 00:00:00', NULL),
(568, 1, NULL, '459', NULL, NULL),
(568, 2, 1598, NULL, NULL, NULL),
(568, 5, 5, NULL, NULL, NULL),
(568, 6, 5, NULL, NULL, NULL),
(568, 7, NULL, NULL, '1991-02-03 00:00:00', NULL),
(569, 1, NULL, '459', NULL, NULL),
(569, 2, 1599, NULL, NULL, NULL),
(569, 5, 5, NULL, NULL, NULL),
(569, 6, 9, NULL, NULL, NULL),
(569, 7, NULL, NULL, '1991-02-03 00:00:00', NULL),
(570, 1, NULL, '459', NULL, NULL),
(570, 2, 1600, NULL, NULL, NULL),
(570, 5, 2, NULL, NULL, NULL),
(570, 6, 2, NULL, NULL, NULL),
(570, 7, NULL, NULL, '1991-02-03 00:00:00', NULL);

-- --------------------------------------------------------

--
-- Structure de la table `production`
--

CREATE TABLE `production` (
  `id` int UNSIGNED NOT NULL,
  `record_id` int UNSIGNED NOT NULL,
  `speaker_id` int UNSIGNED NOT NULL,
  `sequence_order` tinyint NOT NULL
) ENGINE=InnoDB DEFAULT CHARSET=utf8;

--
-- Déchargement des données de la table `production`
--

INSERT INTO `production` (`id`, `record_id`, `speaker_id`, `sequence_order`) VALUES
(1, 1, 2, 1),
(2, 2, 3, 1),
(3, 3, 4, 1),
(4, 4, 3, 1),
(5, 5, 5, 1),
(6, 6, 6, 1),
(7, 7, 2, 1),
(8, 8, 7, 1),
(9, 9, 6, 1),
(10, 10, 4, 1),
(11, 11, 8, 1),
(12, 12, 4, 1),
(13, 13, 6, 1),
(14, 14, 9, 1),
(15, 15, 1, 1),
(16, 16, 6, 1),
(17, 17, 10, 1),
(18, 18, 10, 1),
(19, 19, 10, 1),
(20, 20, 11, 1),
(21, 21, 10, 1),
(22, 22, 10, 1),
(23, 23, 10, 1),
(24, 24, 11, 1),
(25, 25, 11, 1),
(26, 26, 1, 1),
(27, 27, 11, 1),
(28, 28, 12, 1),
(29, 29, 1, 1),
(30, 30, 1, 1),
(31, 31, 1, 1),
(32, 32, 13, 1),
(33, 33, 1, 1),
(34, 34, 1, 1),
(35, 35, 14, 1),
(36, 36, 11, 1),
(37, 37, 11, 1),
(38, 38, 15, 1),
(39, 39, 15, 1),
(40, 40, 15, 1),
(41, 41, 4, 1),
(42, 42, 15, 1),
(43, 43, 16, 1),
(44, 44, 15, 1),
(45, 45, 1, 1),
(46, 46, 1, 1),
(47, 47, 10, 1),
(48, 48, 3, 1),
(49, 49, 16, 1),
(50, 50, 17, 1),
(51, 51, 1, 1),
(52, 52, 12, 1),
(53, 53, 15, 1),
(54, 54, 18, 1),
(55, 55, 1, 1),
(56, 56, 8, 1),
(57, 57, 3, 1),
(58, 58, 6, 1),
(59, 59, 15, 1),
(60, 60, 15, 1),
(61, 61, 19, 1),
(62, 62, 20, 1),
(63, 63, 21, 1),
(64, 64, 20, 1),
(65, 65, 20, 1),
(66, 66, 20, 1),
(67, 67, 21, 1),
(68, 68, 1, 1),
(69, 69, 11, 1),
(70, 70, 6, 1),
(71, 71, 11, 1),
(72, 72, 11, 1),
(73, 73, 11, 1),
(74, 74, 6, 1),
(75, 75, 11, 1),
(76, 76, 1, 1),
(77, 77, 1, 1),
(78, 78, 1, 1),
(79, 79, 11, 1),
(80, 80, 22, 1),
(81, 81, 15, 1),
(82, 82, 15, 1),
(83, 83, 15, 1),
(84, 84, 8, 1),
(85, 85, 7, 1),
(86, 86, 1, 1),
(87, 87, 5, 1),
(88, 88, 11, 1),
(89, 89, 17, 1),
(90, 90, 17, 1),
(91, 91, 23, 1),
(92, 92, 1, 1),
(93, 93, 10, 1),
(94, 94, 23, 1),
(95, 95, 23, 1),
(96, 96, 23, 1),
(97, 97, 23, 1),
(98, 98, 23, 1),
(99, 99, 23, 1),
(100, 100, 24, 1),
(101, 101, 23, 1),
(102, 102, 24, 1),
(103, 103, 23, 1),
(104, 104, 24, 1),
(105, 105, 23, 1),
(106, 106, 24, 1),
(107, 107, 18, 1),
(108, 108, 2, 1),
(109, 109, 2, 1),
(110, 110, 11, 1),
(111, 111, 4, 1),
(112, 112, 1, 1),
(113, 113, 3, 1),
(114, 114, 2, 1),
(115, 115, 15, 1),
(116, 116, 25, 1),
(117, 117, 25, 1),
(118, 118, 1, 1),
(119, 119, 26, 1),
(120, 120, 4, 1),
(121, 121, 20, 1),
(122, 122, 20, 1),
(123, 123, 26, 1),
(124, 124, 1, 1),
(125, 125, 27, 1),
(126, 126, 17, 1),
(127, 127, 17, 1),
(128, 128, 27, 1),
(129, 129, 17, 1),
(130, 130, 27, 1),
(131, 131, 17, 1),
(132, 132, 14, 1),
(133, 133, 17, 1),
(134, 134, 27, 1),
(135, 135, 28, 1),
(136, 136, 1, 1),
(137, 137, 29, 1),
(138, 138, 17, 1),
(139, 139, 17, 1),
(140, 140, 30, 1),
(141, 141, 31, 1),
(142, 142, 31, 1),
(143, 143, 31, 1),
(144, 144, 32, 1),
(145, 145, 1, 1),
(146, 146, 19, 1),
(147, 147, 19, 1),
(148, 148, 17, 1),
(149, 149, 26, 1),
(150, 150, 16, 1),
(151, 151, 18, 1),
(152, 152, 26, 1),
(153, 153, 18, 1),
(154, 154, 23, 1),
(155, 155, 18, 1),
(156, 156, 17, 1),
(157, 157, 2, 1),
(158, 158, 28, 1),
(159, 159, 17, 1),
(160, 160, 23, 1),
(161, 161, 33, 1),
(162, 162, 33, 1),
(163, 163, 33, 1),
(164, 164, 19, 1),
(165, 165, 33, 1),
(166, 166, 1, 1),
(167, 167, 33, 1),
(168, 168, 33, 1),
(169, 169, 1, 1),
(170, 170, 33, 1),
(171, 171, 17, 1),
(172, 172, 1, 1),
(173, 173, 1, 1),
(174, 174, 1, 1),
(175, 175, 17, 1),
(176, 176, 17, 1),
(177, 177, 17, 1),
(178, 178, 17, 1),
(179, 179, 17, 1),
(180, 180, 17, 1),
(181, 181, 17, 1),
(182, 182, 17, 1),
(183, 183, 17, 1),
(184, 184, 17, 1),
(185, 185, 17, 1),
(186, 186, 19, 1),
(187, 187, 17, 1),
(188, 188, 1, 1),
(189, 189, 17, 1),
(190, 190, 1, 1),
(191, 191, 1, 1),
(192, 192, 17, 1),
(193, 193, 23, 1),
(194, 194, 1, 1),
(195, 195, 19, 1),
(196, 196, 19, 1),
(197, 197, 17, 1),
(198, 198, 13, 1),
(199, 199, 17, 1),
(200, 200, 28, 1),
(201, 201, 13, 1),
(202, 202, 17, 1),
(203, 203, 1, 1),
(204, 204, 16, 1),
(205, 205, 17, 1),
(206, 206, 1, 1),
(207, 207, 17, 1),
(208, 208, 1, 1),
(209, 209, 19, 1),
(210, 210, 17, 1),
(211, 211, 1, 1),
(212, 212, 17, 1),
(213, 213, 28, 1),
(214, 214, 1, 1),
(215, 215, 34, 1),
(216, 216, 17, 1),
(217, 217, 19, 1),
(218, 218, 17, 1),
(219, 219, 34, 1),
(220, 220, 1, 1),
(221, 221, 1, 1),
(222, 222, 13, 1),
(223, 223, 17, 1),
(224, 224, 17, 1),
(225, 225, 17, 1),
(226, 226, 1, 1),
(227, 227, 17, 1),
(228, 228, 17, 1),
(229, 229, 19, 1),
(230, 230, 18, 1),
(231, 231, 9, 1),
(232, 232, 19, 1),
(233, 233, 9, 1),
(234, 234, 9, 1),
(235, 235, 28, 1),
(236, 236, 9, 1),
(237, 237, 1, 1),
(238, 238, 16, 1),
(239, 239, 17, 1),
(240, 240, 1, 1),
(241, 241, 17, 1),
(242, 242, 1, 1),
(243, 243, 32, 1),
(244, 244, 16, 1),
(245, 245, 1, 1),
(246, 246, 1, 1),
(247, 247, 23, 1),
(248, 248, 19, 1),
(249, 249, 19, 1),
(250, 250, 19, 1),
(251, 251, 26, 1),
(252, 252, 19, 1),
(253, 253, 19, 1),
(254, 254, 26, 1),
(255, 255, 19, 1),
(256, 256, 19, 1),
(257, 257, 26, 1),
(258, 258, 19, 1),
(259, 259, 19, 1),
(260, 260, 19, 1),
(261, 261, 26, 1),
(262, 262, 19, 1),
(263, 263, 19, 1),
(264, 264, 26, 1),
(265, 265, 19, 1),
(266, 266, 26, 1),
(267, 267, 19, 1),
(268, 268, 26, 1),
(269, 269, 19, 1),
(270, 270, 19, 1),
(271, 271, 1, 1),
(272, 272, 26, 1),
(273, 273, 19, 1),
(274, 274, 26, 1),
(275, 275, 26, 1),
(276, 276, 35, 1),
(277, 277, 19, 1),
(278, 278, 26, 1),
(279, 279, 26, 1),
(280, 280, 19, 1),
(281, 281, 1, 1),
(282, 282, 26, 1),
(283, 283, 19, 1),
(284, 284, 19, 1),
(285, 285, 19, 1),
(286, 286, 1, 1),
(287, 287, 26, 1),
(288, 288, 19, 1),
(289, 289, 1, 1),
(290, 290, 1, 1),
(291, 291, 19, 1),
(292, 292, 26, 1),
(293, 293, 19, 1),
(294, 294, 1, 1),
(295, 295, 1, 1),
(296, 296, 18, 1),
(297, 297, 28, 1),
(298, 298, 28, 1),
(299, 299, 23, 1),
(300, 300, 23, 1),
(301, 301, 1, 1),
(302, 302, 24, 1),
(303, 303, 34, 1),
(304, 304, 23, 1),
(305, 305, 23, 1),
(306, 306, 24, 1),
(307, 307, 23, 1),
(308, 308, 24, 1),
(309, 309, 23, 1),
(310, 310, 8, 1),
(311, 311, 13, 1),
(312, 312, 1, 1),
(313, 313, 1, 1),
(314, 314, 1, 1),
(315, 315, 17, 1),
(316, 316, 23, 1),
(317, 317, 1, 1),
(318, 318, 1, 1),
(319, 319, 24, 1),
(320, 320, 1, 1),
(321, 321, 1, 1),
(322, 322, 33, 1),
(323, 323, 33, 1),
(324, 324, 33, 1),
(325, 325, 17, 1),
(326, 326, 36, 1),
(327, 327, 13, 1),
(328, 328, 28, 1),
(329, 329, 23, 1),
(330, 330, 23, 1),
(331, 331, 23, 1),
(332, 332, 23, 1),
(333, 333, 23, 1),
(334, 334, 28, 1),
(335, 335, 23, 1),
(336, 336, 34, 1),
(337, 337, 1, 1),
(338, 338, 1, 1),
(339, 339, 1, 1),
(340, 340, 33, 1),
(341, 341, 13, 1),
(342, 342, 13, 1),
(343, 343, 17, 1),
(344, 344, 27, 1),
(345, 345, 18, 1),
(346, 346, 23, 1),
(347, 347, 1, 1),
(348, 348, 33, 1),
(349, 349, 1, 1),
(350, 350, 1, 1),
(351, 351, 13, 1),
(352, 352, 27, 1),
(353, 353, 17, 1),
(354, 354, 17, 1),
(355, 355, 24, 1),
(356, 356, 17, 1),
(357, 357, 27, 1),
(358, 358, 27, 1),
(359, 359, 23, 1),
(360, 360, 17, 1),
(361, 361, 23, 1),
(362, 362, 36, 1),
(363, 363, 8, 1),
(364, 364, 8, 1),
(365, 365, 8, 1),
(366, 366, 8, 1),
(367, 367, 15, 1),
(368, 368, 15, 1),
(369, 369, 31, 1),
(370, 370, 3, 1),
(371, 371, 3, 1),
(372, 372, 31, 1),
(373, 373, 4, 1),
(374, 374, 26, 1),
(375, 375, 15, 1),
(376, 376, 6, 1),
(377, 377, 15, 1),
(378, 378, 9, 1),
(379, 379, 10, 1),
(380, 380, 19, 1),
(381, 381, 19, 1),
(382, 382, 22, 1),
(383, 383, 22, 1),
(384, 384, 15, 1),
(385, 385, 22, 1),
(386, 386, 22, 1),
(387, 387, 10, 1),
(388, 388, 1, 1),
(389, 389, 4, 1),
(390, 390, 4, 1),
(391, 391, 13, 1),
(392, 392, 13, 1),
(393, 393, 13, 1),
(394, 394, 13, 1),
(395, 395, 13, 1),
(396, 396, 13, 1),
(397, 397, 22, 1),
(398, 398, 22, 1),
(399, 399, 22, 1),
(400, 400, 22, 1),
(401, 401, 22, 1),
(402, 402, 1, 1),
(403, 403, 28, 1),
(404, 404, 28, 1),
(405, 405, 28, 1),
(406, 406, 28, 1),
(407, 407, 28, 1),
(408, 408, 37, 1),
(409, 409, 37, 1),
(410, 410, 28, 1),
(411, 411, 1, 1),
(412, 412, 1, 1),
(413, 413, 37, 1),
(414, 414, 37, 1),
(415, 415, 37, 1),
(416, 416, 30, 1),
(417, 417, 1, 1),
(418, 418, 13, 1),
(419, 419, 32, 1),
(420, 420, 32, 1),
(421, 421, 32, 1),
(422, 422, 14, 1),
(423, 423, 14, 1),
(424, 424, 17, 1),
(425, 425, 17, 1),
(426, 426, 17, 1),
(427, 427, 17, 1),
(428, 428, 10, 1),
(429, 429, 3, 1),
(430, 430, 1, 1),
(431, 431, 1, 1),
(432, 432, 3, 1),
(433, 433, 3, 1),
(434, 434, 4, 1),
(435, 435, 19, 1),
(436, 436, 1, 1),
(437, 437, 1, 1),
(438, 438, 23, 1),
(439, 439, 1, 1),
(440, 440, 23, 1),
(441, 441, 33, 1),
(442, 442, 33, 1),
(443, 443, 23, 1),
(444, 444, 23, 1),
(445, 445, 23, 1),
(446, 446, 33, 1),
(447, 447, 23, 1),
(448, 448, 6, 1),
(449, 449, 34, 1),
(450, 450, 28, 1),
(451, 451, 18, 1),
(452, 452, 18, 1),
(453, 453, 1, 1),
(454, 454, 33, 1),
(455, 455, 1, 1),
(456, 456, 1, 1),
(457, 457, 16, 1),
(458, 458, 19, 1),
(459, 459, 6, 1),
(460, 460, 5, 1),
(461, 461, 34, 1),
(462, 462, 34, 1),
(463, 463, 34, 1),
(464, 464, 34, 1),
(465, 465, 34, 1),
(466, 466, 34, 1),
(467, 467, 34, 1),
(468, 468, 34, 1),
(469, 469, 2, 1),
(470, 470, 17, 1),
(471, 471, 27, 1),
(472, 472, 12, 1),
(473, 473, 12, 1),
(474, 474, 12, 1),
(475, 475, 12, 1),
(476, 476, 12, 1),
(477, 477, 12, 1),
(478, 478, 12, 1),
(479, 479, 12, 1),
(480, 480, 1, 1),
(481, 481, 34, 1),
(482, 482, 34, 1),
(483, 483, 17, 1),
(484, 484, 26, 1),
(485, 485, 26, 1),
(486, 486, 26, 1),
(487, 487, 3, 1),
(488, 488, 8, 1),
(489, 489, 8, 1),
(490, 490, 13, 1),
(491, 491, 1, 1),
(492, 492, 18, 1),
(493, 493, 13, 1),
(494, 494, 16, 1),
(495, 495, 30, 1),
(496, 496, 6, 1),
(497, 497, 4, 1),
(498, 498, 10, 1),
(499, 499, 10, 1),
(500, 500, 16, 1),
(501, 501, 16, 1),
(502, 502, 8, 1),
(503, 503, 8, 1),
(504, 504, 33, 1),
(505, 505, 38, 1),
(506, 506, 38, 1),
(507, 507, 33, 1),
(508, 508, 38, 1),
(509, 509, 33, 1),
(510, 510, 38, 1),
(511, 511, 38, 1),
(512, 512, 33, 1),
(513, 513, 24, 1),
(514, 514, 23, 1),
(515, 515, 33, 1),
(516, 516, 24, 1),
(517, 517, 10, 1),
(518, 518, 10, 1),
(519, 519, 10, 1),
(520, 520, 10, 1),
(521, 521, 34, 1),
(522, 522, 39, 1),
(523, 523, 39, 1),
(524, 524, 39, 1),
(525, 525, 39, 1),
(526, 526, 39, 1),
(527, 527, 39, 1),
(528, 528, 39, 1),
(529, 529, 39, 1),
(530, 530, 39, 1),
(531, 531, 39, 1),
(532, 532, 39, 1),
(533, 533, 39, 1),
(534, 534, 39, 1),
(535, 535, 1, 1),
(536, 536, 39, 1),
(537, 537, 15, 1),
(538, 538, 4, 1),
(539, 539, 15, 1),
(540, 540, 30, 1),
(541, 541, 30, 1),
(542, 542, 30, 1),
(543, 543, 30, 1),
(544, 544, 16, 1),
(545, 545, 26, 1),
(546, 546, 19, 1),
(547, 547, 31, 1),
(548, 548, 1, 1),
(549, 549, 31, 1),
(550, 550, 13, 1),
(551, 551, 13, 1),
(552, 552, 13, 1),
(553, 553, 18, 1),
(554, 554, 18, 1),
(555, 555, 18, 1),
(556, 556, 18, 1),
(557, 557, 30, 1),
(558, 558, 30, 1),
(559, 559, 30, 1),
(560, 560, 30, 1),
(561, 561, 30, 1),
(562, 562, 30, 1),
(563, 563, 30, 1),
(564, 564, 30, 1),
(565, 565, 30, 1),
(566, 566, 30, 1),
(567, 567, 40, 1),
(568, 568, 22, 1),
(569, 569, 22, 1),
(570, 570, 16, 1);

-- --------------------------------------------------------

--
-- Structure de la table `production_flat`
--

CREATE TABLE `production_flat` (
  `id` int UNSIGNED NOT NULL,
  `record_id` int UNSIGNED NOT NULL,
  `speaker_id` int UNSIGNED NOT NULL,
  `sequence_order` tinyint NOT NULL
) ENGINE=InnoDB DEFAULT CHARSET=utf8;

--
-- Déchargement des données de la table `production_flat`
--

INSERT INTO `production_flat` (`id`, `record_id`, `speaker_id`, `sequence_order`) VALUES
(1, 1, 2, 1),
(2, 2, 3, 1),
(3, 3, 4, 1),
(4, 4, 3, 1),
(5, 5, 5, 1),
(6, 6, 6, 1),
(7, 7, 2, 1),
(8, 8, 7, 1),
(9, 9, 6, 1),
(10, 10, 4, 1),
(11, 11, 8, 1),
(12, 12, 4, 1),
(13, 13, 6, 1),
(14, 14, 9, 1),
(15, 15, 1, 1),
(16, 16, 6, 1),
(17, 17, 10, 1),
(18, 18, 10, 1),
(19, 19, 10, 1),
(20, 20, 11, 1),
(21, 21, 10, 1),
(22, 22, 10, 1),
(23, 23, 10, 1),
(24, 24, 11, 1),
(25, 25, 11, 1),
(26, 26, 1, 1),
(27, 27, 11, 1),
(28, 28, 12, 1),
(29, 29, 1, 1),
(30, 30, 1, 1),
(31, 31, 1, 1),
(32, 32, 13, 1),
(33, 33, 1, 1),
(34, 34, 1, 1),
(35, 35, 14, 1),
(36, 36, 11, 1),
(37, 37, 11, 1),
(38, 38, 15, 1),
(39, 39, 15, 1),
(40, 40, 15, 1),
(41, 41, 4, 1),
(42, 42, 15, 1),
(43, 43, 16, 1),
(44, 44, 15, 1),
(45, 45, 1, 1),
(46, 46, 1, 1),
(47, 47, 10, 1),
(48, 48, 3, 1),
(49, 49, 16, 1),
(50, 50, 17, 1),
(51, 51, 1, 1),
(52, 52, 12, 1),
(53, 53, 15, 1),
(54, 54, 18, 1),
(55, 55, 1, 1),
(56, 56, 8, 1),
(57, 57, 3, 1),
(58, 58, 6, 1),
(59, 59, 15, 1),
(60, 60, 15, 1),
(61, 61, 19, 1),
(62, 62, 20, 1),
(63, 63, 21, 1),
(64, 64, 20, 1),
(65, 65, 20, 1),
(66, 66, 20, 1),
(67, 67, 21, 1),
(68, 68, 1, 1),
(69, 69, 11, 1),
(70, 70, 6, 1),
(71, 71, 11, 1),
(72, 72, 11, 1),
(73, 73, 11, 1),
(74, 74, 6, 1),
(75, 75, 11, 1),
(76, 76, 1, 1),
(77, 77, 1, 1),
(78, 78, 1, 1),
(79, 79, 11, 1),
(80, 80, 22, 1),
(81, 81, 15, 1),
(82, 82, 15, 1),
(83, 83, 15, 1),
(84, 84, 8, 1),
(85, 85, 7, 1),
(86, 86, 1, 1),
(87, 87, 5, 1),
(88, 88, 11, 1),
(89, 89, 17, 1),
(90, 90, 17, 1),
(91, 91, 23, 1),
(92, 92, 1, 1),
(93, 93, 10, 1),
(94, 94, 23, 1),
(95, 95, 23, 1),
(96, 96, 23, 1),
(97, 97, 23, 1),
(98, 98, 23, 1),
(99, 99, 23, 1),
(100, 100, 24, 1),
(101, 101, 23, 1),
(102, 102, 24, 1),
(103, 103, 23, 1),
(104, 104, 24, 1),
(105, 105, 23, 1),
(106, 106, 24, 1),
(107, 107, 18, 1),
(108, 108, 2, 1),
(109, 109, 2, 1),
(110, 110, 11, 1),
(111, 111, 4, 1),
(112, 112, 1, 1),
(113, 113, 3, 1),
(114, 114, 2, 1),
(115, 115, 15, 1),
(116, 116, 25, 1),
(117, 117, 25, 1),
(118, 118, 1, 1),
(119, 119, 26, 1),
(120, 120, 4, 1),
(121, 121, 20, 1),
(122, 122, 20, 1),
(123, 123, 26, 1),
(124, 124, 1, 1),
(125, 125, 27, 1),
(126, 126, 17, 1),
(127, 127, 17, 1),
(128, 128, 27, 1),
(129, 129, 17, 1),
(130, 130, 27, 1),
(131, 131, 17, 1),
(132, 132, 14, 1),
(133, 133, 17, 1),
(134, 134, 27, 1),
(135, 135, 28, 1),
(136, 136, 1, 1),
(137, 137, 29, 1),
(138, 138, 17, 1),
(139, 139, 17, 1),
(140, 140, 30, 1),
(141, 141, 31, 1),
(142, 142, 31, 1),
(143, 143, 31, 1),
(144, 144, 32, 1),
(145, 145, 1, 1),
(146, 146, 19, 1),
(147, 147, 19, 1),
(148, 148, 17, 1),
(149, 149, 26, 1),
(150, 150, 16, 1),
(151, 151, 18, 1),
(152, 152, 26, 1),
(153, 153, 18, 1),
(154, 154, 23, 1),
(155, 155, 18, 1),
(156, 156, 17, 1),
(157, 157, 2, 1),
(158, 158, 28, 1),
(159, 159, 17, 1),
(160, 160, 23, 1),
(161, 161, 33, 1),
(162, 162, 33, 1),
(163, 163, 33, 1),
(164, 164, 19, 1),
(165, 165, 33, 1),
(166, 166, 1, 1),
(167, 167, 33, 1),
(168, 168, 33, 1),
(169, 169, 1, 1),
(170, 170, 33, 1),
(171, 171, 17, 1),
(172, 172, 1, 1),
(173, 173, 1, 1),
(174, 174, 1, 1),
(175, 175, 17, 1),
(176, 176, 17, 1),
(177, 177, 17, 1),
(178, 178, 17, 1),
(179, 179, 17, 1),
(180, 180, 17, 1),
(181, 181, 17, 1),
(182, 182, 17, 1),
(183, 183, 17, 1),
(184, 184, 17, 1),
(185, 185, 17, 1),
(186, 186, 19, 1),
(187, 187, 17, 1),
(188, 188, 1, 1),
(189, 189, 17, 1),
(190, 190, 1, 1),
(191, 191, 1, 1),
(192, 192, 17, 1),
(193, 193, 23, 1),
(194, 194, 1, 1),
(195, 195, 19, 1),
(196, 196, 19, 1),
(197, 197, 17, 1),
(198, 198, 13, 1),
(199, 199, 17, 1),
(200, 200, 28, 1),
(201, 201, 13, 1),
(202, 202, 17, 1),
(203, 203, 1, 1),
(204, 204, 16, 1),
(205, 205, 17, 1),
(206, 206, 1, 1),
(207, 207, 17, 1),
(208, 208, 1, 1),
(209, 209, 19, 1),
(210, 210, 17, 1),
(211, 211, 1, 1),
(212, 212, 17, 1),
(213, 213, 28, 1),
(214, 214, 1, 1),
(215, 215, 34, 1),
(216, 216, 17, 1),
(217, 217, 19, 1),
(218, 218, 17, 1),
(219, 219, 34, 1),
(220, 220, 1, 1),
(221, 221, 1, 1),
(222, 222, 13, 1),
(223, 223, 17, 1),
(224, 224, 17, 1),
(225, 225, 17, 1),
(226, 226, 1, 1),
(227, 227, 17, 1),
(228, 228, 17, 1),
(229, 229, 19, 1),
(230, 230, 18, 1),
(231, 231, 9, 1),
(232, 232, 19, 1),
(233, 233, 9, 1),
(234, 234, 9, 1),
(235, 235, 28, 1),
(236, 236, 9, 1),
(237, 237, 1, 1),
(238, 238, 16, 1),
(239, 239, 17, 1),
(240, 240, 1, 1),
(241, 241, 17, 1),
(242, 242, 1, 1),
(243, 243, 32, 1),
(244, 244, 16, 1),
(245, 245, 1, 1),
(246, 246, 1, 1),
(247, 247, 23, 1),
(248, 248, 19, 1),
(249, 249, 19, 1),
(250, 250, 19, 1),
(251, 251, 26, 1),
(252, 252, 19, 1),
(253, 253, 19, 1),
(254, 254, 26, 1),
(255, 255, 19, 1),
(256, 256, 19, 1),
(257, 257, 26, 1),
(258, 258, 19, 1),
(259, 259, 19, 1),
(260, 260, 19, 1),
(261, 261, 26, 1),
(262, 262, 19, 1),
(263, 263, 19, 1),
(264, 264, 26, 1),
(265, 265, 19, 1),
(266, 266, 26, 1),
(267, 267, 19, 1),
(268, 268, 26, 1),
(269, 269, 19, 1),
(270, 270, 19, 1),
(271, 271, 1, 1),
(272, 272, 26, 1),
(273, 273, 19, 1),
(274, 274, 26, 1),
(275, 275, 26, 1),
(276, 276, 35, 1),
(277, 277, 19, 1),
(278, 278, 26, 1),
(279, 279, 26, 1),
(280, 280, 19, 1),
(281, 281, 1, 1),
(282, 282, 26, 1),
(283, 283, 19, 1),
(284, 284, 19, 1),
(285, 285, 19, 1),
(286, 286, 1, 1),
(287, 287, 26, 1),
(288, 288, 19, 1),
(289, 289, 1, 1),
(290, 290, 1, 1),
(291, 291, 19, 1),
(292, 292, 26, 1),
(293, 293, 19, 1),
(294, 294, 1, 1),
(295, 295, 1, 1),
(296, 296, 18, 1),
(297, 297, 28, 1),
(298, 298, 28, 1),
(299, 299, 23, 1),
(300, 300, 23, 1),
(301, 301, 1, 1),
(302, 302, 24, 1),
(303, 303, 34, 1),
(304, 304, 23, 1),
(305, 305, 23, 1),
(306, 306, 24, 1),
(307, 307, 23, 1),
(308, 308, 24, 1),
(309, 309, 23, 1),
(310, 310, 8, 1),
(311, 311, 13, 1),
(312, 312, 1, 1),
(313, 313, 1, 1),
(314, 314, 1, 1),
(315, 315, 17, 1),
(316, 316, 23, 1),
(317, 317, 1, 1),
(318, 318, 1, 1),
(319, 319, 24, 1),
(320, 320, 1, 1),
(321, 321, 1, 1),
(322, 322, 33, 1),
(323, 323, 33, 1),
(324, 324, 33, 1),
(325, 325, 17, 1),
(326, 326, 36, 1),
(327, 327, 13, 1),
(328, 328, 28, 1),
(329, 329, 23, 1),
(330, 330, 23, 1),
(331, 331, 23, 1),
(332, 332, 23, 1),
(333, 333, 23, 1),
(334, 334, 28, 1),
(335, 335, 23, 1),
(336, 336, 34, 1),
(337, 337, 1, 1),
(338, 338, 1, 1),
(339, 339, 1, 1),
(340, 340, 33, 1),
(341, 341, 13, 1),
(342, 342, 13, 1),
(343, 343, 17, 1),
(344, 344, 27, 1),
(345, 345, 18, 1),
(346, 346, 23, 1),
(347, 347, 1, 1),
(348, 348, 33, 1),
(349, 349, 1, 1),
(350, 350, 1, 1),
(351, 351, 13, 1),
(352, 352, 27, 1),
(353, 353, 17, 1),
(354, 354, 17, 1),
(355, 355, 24, 1),
(356, 356, 17, 1),
(357, 357, 27, 1),
(358, 358, 27, 1),
(359, 359, 23, 1),
(360, 360, 17, 1),
(361, 361, 23, 1),
(362, 362, 36, 1),
(363, 363, 8, 1),
(364, 364, 8, 1),
(365, 365, 8, 1),
(366, 366, 8, 1),
(367, 367, 15, 1),
(368, 368, 15, 1),
(369, 369, 31, 1),
(370, 370, 3, 1),
(371, 371, 3, 1),
(372, 372, 31, 1),
(373, 373, 4, 1),
(374, 374, 26, 1),
(375, 375, 15, 1),
(376, 376, 6, 1),
(377, 377, 15, 1),
(378, 378, 9, 1),
(379, 379, 10, 1),
(380, 380, 19, 1),
(381, 381, 19, 1),
(382, 382, 22, 1),
(383, 383, 22, 1),
(384, 384, 15, 1),
(385, 385, 22, 1),
(386, 386, 22, 1),
(387, 387, 10, 1),
(388, 388, 1, 1),
(389, 389, 4, 1),
(390, 390, 4, 1),
(391, 391, 13, 1),
(392, 392, 13, 1),
(393, 393, 13, 1),
(394, 394, 13, 1),
(395, 395, 13, 1),
(396, 396, 13, 1),
(397, 397, 22, 1),
(398, 398, 22, 1),
(399, 399, 22, 1),
(400, 400, 22, 1),
(401, 401, 22, 1),
(402, 402, 1, 1),
(403, 403, 28, 1),
(404, 404, 28, 1),
(405, 405, 28, 1),
(406, 406, 28, 1),
(407, 407, 28, 1),
(408, 408, 37, 1),
(409, 409, 37, 1),
(410, 410, 28, 1),
(411, 411, 1, 1),
(412, 412, 1, 1),
(413, 413, 37, 1),
(414, 414, 37, 1),
(415, 415, 37, 1),
(416, 416, 30, 1),
(417, 417, 1, 1),
(418, 418, 13, 1),
(419, 419, 32, 1),
(420, 420, 32, 1),
(421, 421, 32, 1),
(422, 422, 14, 1),
(423, 423, 14, 1),
(424, 424, 17, 1),
(425, 425, 17, 1),
(426, 426, 17, 1),
(427, 427, 17, 1),
(428, 428, 10, 1),
(429, 429, 3, 1),
(430, 430, 1, 1),
(431, 431, 1, 1),
(432, 432, 3, 1),
(433, 433, 3, 1),
(434, 434, 4, 1),
(435, 435, 19, 1),
(436, 436, 1, 1),
(437, 437, 1, 1),
(438, 438, 23, 1),
(439, 439, 1, 1),
(440, 440, 23, 1),
(441, 441, 33, 1),
(442, 442, 33, 1),
(443, 443, 23, 1),
(444, 444, 23, 1),
(445, 445, 23, 1),
(446, 446, 33, 1),
(447, 447, 23, 1),
(448, 448, 6, 1),
(449, 449, 34, 1),
(450, 450, 28, 1),
(451, 451, 18, 1),
(452, 452, 18, 1),
(453, 453, 1, 1),
(454, 454, 33, 1),
(455, 455, 1, 1),
(456, 456, 1, 1),
(457, 457, 16, 1),
(458, 458, 19, 1),
(459, 459, 6, 1),
(460, 460, 5, 1),
(461, 461, 34, 1),
(462, 462, 34, 1),
(463, 463, 34, 1),
(464, 464, 34, 1),
(465, 465, 34, 1),
(466, 466, 34, 1),
(467, 467, 34, 1),
(468, 468, 34, 1),
(469, 469, 2, 1),
(470, 470, 17, 1),
(471, 471, 27, 1),
(472, 472, 12, 1),
(473, 473, 12, 1),
(474, 474, 12, 1),
(475, 475, 12, 1),
(476, 476, 12, 1),
(477, 477, 12, 1),
(478, 478, 12, 1),
(479, 479, 12, 1),
(480, 480, 1, 1),
(481, 481, 34, 1),
(482, 482, 34, 1),
(483, 483, 17, 1),
(484, 484, 26, 1),
(485, 485, 26, 1),
(486, 486, 26, 1),
(487, 487, 3, 1),
(488, 488, 8, 1),
(489, 489, 8, 1),
(490, 490, 13, 1),
(491, 491, 1, 1),
(492, 492, 18, 1),
(493, 493, 13, 1),
(494, 494, 16, 1),
(495, 495, 30, 1),
(496, 496, 6, 1),
(497, 497, 4, 1),
(498, 498, 10, 1),
(499, 499, 10, 1),
(500, 500, 16, 1),
(501, 501, 16, 1),
(502, 502, 8, 1),
(503, 503, 8, 1),
(504, 504, 33, 1),
(505, 505, 38, 1),
(506, 506, 38, 1),
(507, 507, 33, 1),
(508, 508, 38, 1),
(509, 509, 33, 1),
(510, 510, 38, 1),
(511, 511, 38, 1),
(512, 512, 33, 1),
(513, 513, 24, 1),
(514, 514, 23, 1),
(515, 515, 33, 1),
(516, 516, 24, 1),
(517, 517, 10, 1),
(518, 518, 10, 1),
(519, 519, 10, 1),
(520, 520, 10, 1),
(521, 521, 34, 1),
(522, 522, 39, 1),
(523, 523, 39, 1),
(524, 524, 39, 1),
(525, 525, 39, 1),
(526, 526, 39, 1),
(527, 527, 39, 1),
(528, 528, 39, 1),
(529, 529, 39, 1),
(530, 530, 39, 1),
(531, 531, 39, 1),
(532, 532, 39, 1),
(533, 533, 39, 1),
(534, 534, 39, 1),
(535, 535, 1, 1),
(536, 536, 39, 1),
(537, 537, 15, 1),
(538, 538, 4, 1),
(539, 539, 15, 1),
(540, 540, 30, 1),
(541, 541, 30, 1),
(542, 542, 30, 1),
(543, 543, 30, 1),
(544, 544, 16, 1),
(545, 545, 26, 1),
(546, 546, 19, 1),
(547, 547, 31, 1),
(548, 548, 1, 1),
(549, 549, 31, 1),
(550, 550, 13, 1),
(551, 551, 13, 1),
(552, 552, 13, 1),
(553, 553, 18, 1),
(554, 554, 18, 1),
(555, 555, 18, 1),
(556, 556, 18, 1),
(557, 557, 30, 1),
(558, 558, 30, 1),
(559, 559, 30, 1),
(560, 560, 30, 1),
(561, 561, 30, 1),
(562, 562, 30, 1),
(563, 563, 30, 1),
(564, 564, 30, 1),
(565, 565, 30, 1),
(566, 566, 30, 1),
(567, 567, 40, 1),
(568, 568, 22, 1),
(569, 569, 22, 1),
(570, 570, 16, 1);

-- --------------------------------------------------------

--
-- Structure de la table `record`
--

CREATE TABLE `record` (
  `id` int UNSIGNED NOT NULL,
  `filename` varchar(255) NOT NULL,
  `filesize` smallint UNSIGNED NOT NULL
) ENGINE=InnoDB DEFAULT CHARSET=utf8;

--
-- Déchargement des données de la table `record`
--

INSERT INTO `record` (`id`, `filename`, `filesize`) VALUES
(1, 'vn-rt01.wav', 1),
(2, 'vn-ls01.wav', 1),
(3, 'vn-mo01.wav', 1),
(4, 'vn-ls02.wav', 1),
(5, 'vn-ro01.wav', 1),
(6, 'vn-br01.wav', 1),
(7, 'vn-rt02.wav', 1),
(8, 'vn-am01.wav', 1),
(9, 'vn-br02.wav', 1),
(10, 'vn-mo02.wav', 1),
(11, 'vn-ch01.wav', 1),
(12, 'vn-mo03.wav', 1),
(13, 'vn-br03.wav', 1),
(14, 'vn-bg01.wav', 1),
(15, 'vn-qmo.1.wav', 1),
(16, 'vn-br04.wav', 1),
(17, 'vn-bl01.wav', 1),
(18, 'vn-bl02.wav', 1),
(19, 'vn-bl03.wav', 1),
(20, 'vn-ny01.wav', 1),
(21, 'vn-bl04.wav', 1),
(22, 'vn-bl05.wav', 1),
(23, 'vn-bl06.wav', 1),
(24, 'vn-ny02.wav', 1),
(25, 'vn-ny03.wav', 1),
(26, 'vn-qny01.wav', 1),
(27, 'vn-ny04.wav', 1),
(28, 'vn-zo01.wav', 1),
(29, 'vn-qmj.1.wav', 1),
(30, 'vn-qmj.2.wav', 1),
(31, 'vn-qmj.3.wav', 1),
(32, 'vn-nl01.wav', 1),
(33, 'vn-qam01.wav', 1),
(34, 'vn-qdd01.wav', 1),
(35, 'qvn-pc01.wav', 1),
(36, 'vn-ny05.wav', 1),
(37, 'vn-ny06.wav', 1),
(38, 'vn-ar01.wav', 1),
(39, 'vn-ar02.wav', 1),
(40, 'vn-ar03.wav', 1),
(41, 'vn-mo04.wav', 1),
(42, 'vn-ar04.wav', 1),
(43, 'vn-ju01.wav', 1),
(44, 'vn-ar05.wav', 1),
(45, 'vn-amoda01.wav', 1),
(46, 'vn-qbl01.wav', 1),
(47, 'vn-bl07.wav', 1),
(48, 'vn-ls03.wav', 1),
(49, 'vn-ju02.wav', 1),
(50, 'vn-sy01.wav', 1),
(51, 'vn-qzo01.wav', 1),
(52, 'vn-zo02.wav', 1),
(53, 'vn-ar06.wav', 1),
(54, 'vn-kr01.wav', 1),
(55, 'vn-moosy01.wav', 1),
(56, 'vn-ch02.wav', 1),
(57, 'vn-ls04.wav', 1),
(58, 'vn-br05.wav', 1),
(59, 'vn-ar07.wav', 1),
(60, 'vn-ar08.wav', 1),
(61, 'vn-bs01.wav', 1),
(62, 'qvn-da01.wav', 1),
(63, 'vn-pm.1.wav', 1),
(64, 'vn-da.1.wav', 1),
(65, 'qvn-da02.wav', 1),
(66, 'qvn-da03.wav', 1),
(67, 'vn-pm.2.wav', 1),
(68, 'vn-qmj.4.wav', 1),
(69, 'vn-ny07.wav', 1),
(70, 'vn-br06p.wav', 1),
(71, 'vn-ny08.wav', 1),
(72, 'vn-ny09.wav', 1),
(73, 'vn-ny10.wav', 1),
(74, 'qvn-br01.wav', 1),
(75, 'vn-ny11.wav', 1),
(76, 'vn-qbr01.wav', 1),
(77, 'vn-nlopc01.wav', 1),
(78, 'qvn-in.1.wav', 1),
(79, 'vn-ny12.wav', 1),
(80, 'qvn-th01.wav', 1),
(81, 'vn-ar09.wav', 1),
(82, 'vn-ar10.wav', 1),
(83, 'vn-ar11.wav', 1),
(84, 'vn-ch03.wav', 1),
(85, 'vn-am02.wav', 1),
(86, 'vn-qar01.wav', 1),
(87, 'vn-ro02.wav', 1),
(88, 'vn-ny13.wav', 1),
(89, 'vn-sy02.wav', 1),
(90, 'vn-sy03.wav', 1),
(91, 'vn-cl01.wav', 1),
(92, 'vn-qsy01.wav', 1),
(93, 'vn-bl08.wav', 1),
(94, 'vn-cl02.wav', 1),
(95, 'vn-cl03.wav', 1),
(96, 'vn-cl04.wav', 1),
(97, 'vn-cl05.wav', 1),
(98, 'vn-cl06.wav', 1),
(99, 'vn-cl07.wav', 1),
(100, 'vn-sc01.wav', 1),
(101, 'vn-cl08.wav', 1),
(102, 'vn-sc02.wav', 1),
(103, 'vn-cl09.wav', 1),
(104, 'vn-sc03.wav', 1),
(105, 'vn-cl10.wav', 1),
(106, 'vn-sc04.wav', 1),
(107, 'vn-kr02.wav', 1),
(108, 'vn-rt03.wav', 1),
(109, 'vn-rt04.wav', 1),
(110, 'vn-ny14.wav', 1),
(111, 'vn-mo05.wav', 1),
(112, 'vn-qmo.2.wav', 1),
(113, 'vn-ls05p.wav', 1),
(114, 'vn-rt05.wav', 1),
(115, 'vn-ar12.wav', 1),
(116, 'vn-ag.1.wav', 1),
(117, 'vn-ag.2.wav', 1),
(118, 'vn-blobs01.wav', 1),
(119, 'vn-fe01.wav', 1),
(120, 'vn-mo06.wav', 1),
(121, 'qvn-da04.wav', 1),
(122, 'qvn-da05.wav', 1),
(123, 'vn-fe02.wav', 1),
(124, 'vn-qfe.1.wav', 1),
(125, 'vn-sa.1.wav', 1),
(126, 'vn-sy04.wav', 1),
(127, 'vn-sy05.wav', 1),
(128, 'vn-sa.2.wav', 1),
(129, 'vn-sy06.wav', 1),
(130, 'vn-sa.3.wav', 1),
(131, 'vn-sy07.wav', 1),
(132, 'vn-pc01.wav', 1),
(133, 'vn-sy08.wav', 1),
(134, 'vn-sa.4.wav', 1),
(135, 'vn-pr01.wav', 1),
(136, 'vn-qmj.5.wav', 1),
(137, 'vn-md.1.wav', 1),
(138, 'vn-sy09.wav', 1),
(139, 'vn-sy10.wav', 1),
(140, 'vn-dd01.wav', 1),
(141, 'qvn-he01.wav', 1),
(142, 'qvn-he02.wav', 1),
(143, 'qvn-he03.wav', 1),
(144, 'qvn-dg01p.wav', 1),
(145, 'vn-qbl02.wav', 1),
(146, 'vn-bs02.wav', 1),
(147, 'vn-bs03.wav', 1),
(148, 'vn-sy11.wav', 1),
(149, 'vn-fe03.wav', 1),
(150, 'vn-ju03.wav', 1),
(151, 'vn-kr03.wav', 1),
(152, 'vn-fe04.wav', 1),
(153, 'vn-kr04.wav', 1),
(154, 'vn-cl11.wav', 1),
(155, 'qvn-kr02.wav', 1),
(156, 'vn-sy12.wav', 1),
(157, 'qvn-rt.1.wav', 1),
(158, 'vn-pr02.wav', 1),
(159, 'vn-sy13.wav', 1),
(160, 'vn-cl12.wav', 1),
(161, 'qvn-so01p.wav', 1),
(162, 'vn-so01p.wav', 1),
(163, 'vn-so02.wav', 1),
(164, 'vn-bs04.wav', 1),
(165, 'vn-so03.wav', 1),
(166, 'vn-in.1p.wav', 1),
(167, 'vn-so04.wav', 1),
(168, 'vn-so05.wav', 1),
(169, 'vn-in.2.wav', 1),
(170, 'vn-so06.wav', 1),
(171, 'vn-sy14.wav', 1),
(172, 'vn-soosy01.wav', 1),
(173, 'vn-soosy02.wav', 1),
(174, 'vn-soosy03.wav', 1),
(175, 'vn-sy15.wav', 1),
(176, 'vn-sy16.wav', 1),
(177, 'vn-sy17.wav', 1),
(178, 'vn-sy18.wav', 1),
(179, 'vn-sy19.wav', 1),
(180, 'vn-sy20.wav', 1),
(181, 'vn-sy21.wav', 1),
(182, 'vn-sy22.wav', 1),
(183, 'vn-sy23.wav', 1),
(184, 'vn-sy24.wav', 1),
(185, 'vn-sy25.wav', 1),
(186, 'vn-bs05.wav', 1),
(187, 'vn-sy26.wav', 1),
(188, 'vn-in.3.wav', 1),
(189, 'vn-sy27.wav', 1),
(190, 'vn-in.4p.wav', 1),
(191, 'vn-in.5.wav', 1),
(192, 'vn-sy28.wav', 1),
(193, 'vn-cl13.wav', 1),
(194, 'vn-clodg01.wav', 1),
(195, 'vn-bs06.wav', 1),
(196, 'vn-bs07.wav', 1),
(197, 'vn-sy29.wav', 1),
(198, 'vn-nl02.wav', 1),
(199, 'vn-sy30.wav', 1),
(200, 'vn-pr03.wav', 1),
(201, 'vn-nl03.wav', 1),
(202, 'vn-sy31.wav', 1),
(203, 'vn-qsy02.wav', 1),
(204, 'vn-ju04.wav', 1),
(205, 'vn-sy32.wav', 1),
(206, 'vn-qkr01.wav', 1),
(207, 'vn-sy33.wav', 1),
(208, 'vn-qpr.1.wav', 1),
(209, 'vn-bs08.wav', 1),
(210, 'vn-sy35.wav', 1),
(211, 'vn-in.6.wav', 1),
(212, 'vn-sy36.wav', 1),
(213, 'vn-pr04.wav', 1),
(214, 'vn-qsy03.wav', 1),
(215, 'vn-iv01p.wav', 1),
(216, 'vn-sy37p.wav', 1),
(217, 'vn-bs09p.wav', 1),
(218, 'vn-sy38.wav', 1),
(219, 'vn-iv02.wav', 1),
(220, 'qvn-in.2P.wav', 1),
(221, 'qvn-in.3P.wav', 1),
(222, 'vn-nl04p.wav', 1),
(223, 'vn-sy39.wav', 1),
(224, 'vn-sy40p.wav', 1),
(225, 'vn-sy41p.wav', 1),
(226, 'vn-qsy04.wav', 1),
(227, 'vn-sy42p.wav', 1),
(228, 'vn-sy43.wav', 1),
(229, 'vn-bs10p.wav', 1),
(230, 'vn-kr05.wav', 1),
(231, 'vn-bg02.wav', 1),
(232, 'vn-bs11.wav', 1),
(233, 'vn-bg03.wav', 1),
(234, 'vn-bg04p.wav', 1),
(235, 'vn-pr05p.wav', 1),
(236, 'vn-bg05p.wav', 1),
(237, 'vn-in.7.wav', 1),
(238, 'vn-ju05p.wav', 1),
(239, 'vn-sy44.wav', 1),
(240, 'vn-qro.1.wav', 1),
(241, 'vn-sy45.wav', 1),
(242, 'vn-qsy.5.wav', 1),
(243, 'vn-dg.1p.wav', 1),
(244, 'qvn-ju02.wav', 1),
(245, 'vn-in.8p.wav', 1),
(246, 'vn-in.9.wav', 1),
(247, 'vn-cl14p.wav', 1),
(248, 'vn-incbs.1.wav', 1),
(249, 'vn-bs12p.wav', 1),
(250, 'vn-bs13.wav', 1),
(251, 'vn-fe05p.wav', 1),
(252, 'vn-bs14.wav', 1),
(253, 'vn-bs15p.wav', 1),
(254, 'vn-fe06p.wav', 1),
(255, 'vn-bs16p.wav', 1),
(256, 'vn-bs17p.wav', 1),
(257, 'vn-fe07p.wav', 1),
(258, 'vn-bs18p.wav', 1),
(259, 'vn-bs19p.wav', 1),
(260, 'qvn-bs.1.wav', 1),
(261, 'vn-fe08p.wav', 1),
(262, 'vn-bs20p.wav', 1),
(263, 'qvn-bs02.wav', 1),
(264, 'vn-fe09.wav', 1),
(265, 'qvn-bs03.wav', 1),
(266, 'vn-fe10.wav', 1),
(267, 'vn-bs21p.wav', 1),
(268, 'vn-fe11p.wav', 1),
(269, 'vn-bs22p.wav', 1),
(270, 'qvn-bs04.wav', 1),
(271, 'vn-bsofe01p.wav', 1),
(272, 'vn-fe12.wav', 1),
(273, 'vn-bs23p.wav', 1),
(274, 'vn-fe13p.wav', 1),
(275, 'vn-fe14.wav', 1),
(276, 'vn-bn.1.wav', 1),
(277, 'vn-bs24.wav', 1),
(278, 'vn-fe15p.wav', 1),
(279, 'vn-fe16.wav', 1),
(280, 'vn-bs25.wav', 1),
(281, 'vn-bsofe02.wav', 1),
(282, 'vn-fe17.wav', 1),
(283, 'vn-bs26.wav', 1),
(284, 'vn-bs27.wav', 1),
(285, 'vn-bs28.wav', 1),
(286, 'vn-bsofe03p.wav', 1),
(287, 'vn-fe18p.wav', 1),
(288, 'vn-bs29p.wav', 1),
(289, 'qvn-in.4P.wav', 1),
(290, 'qvn-in05P.wav', 1),
(291, 'vn-bs30.wav', 1),
(292, 'vn-fe19.wav', 1),
(293, 'vn-bs31.wav', 1),
(294, 'qvn-bsofe03p.wav', 1),
(295, 'qvn-bsofe04p.wav', 1),
(296, 'vn-kr06.wav', 1),
(297, 'vn-pr06.wav', 1),
(298, 'vn-pr07.wav', 1),
(299, 'vn-cl15.wav', 1),
(300, 'vn-cl16.wav', 1),
(301, 'vn-qsy.6.wav', 1),
(302, 'vn-sc05.wav', 1),
(303, 'vn-iv03.wav', 1),
(304, 'vn-cl17.wav', 1),
(305, 'vn-cl18.wav', 1),
(306, 'vn-sc06.wav', 1),
(307, 'vn-cl19.wav', 1),
(308, 'vn-sc07.wav', 1),
(309, 'vn-cl20.wav', 1),
(310, 'vn-ch04.wav', 1),
(311, 'vn-nl05.wav', 1),
(312, 'vn-qcl01.wav', 1),
(313, 'vn-in10.wav', 1),
(314, 'vn-in11.wav', 1),
(315, 'vn-sy46.wav', 1),
(316, 'vn-cl21.wav', 1),
(317, 'vn-qsc.1.wav', 1),
(318, 'vn-ma.1.wav', 1),
(319, 'vn-sc08.wav', 1),
(320, 'vn-cloiv01.wav', 1),
(321, 'vn-cloiv02.wav', 1),
(322, 'vn-so07.wav', 1),
(323, 'qvn-so03.wav', 1),
(324, 'vn-so08.wav', 1),
(325, 'vn-sy47.wav', 1),
(326, 'vn-ca.1.wav', 1),
(327, 'vn-nl06.wav', 1),
(328, 'vn-pr08.wav', 1),
(329, 'vn-cl22.wav', 1),
(330, 'vn-cl23.wav', 1),
(331, 'vn-cl24.wav', 1),
(332, 'vn-cl25.wav', 1),
(333, 'vn-cl26.wav', 1),
(334, 'vn-pr09.wav', 1),
(335, 'vn-cl27.wav', 1),
(336, 'qvn-iv01.wav', 1),
(337, 'qvn-ma.1.wav', 1),
(338, 'vn-qcy.1.wav', 1),
(339, 'vn-chosy01.wav', 1),
(340, 'vn-so09.wav', 1),
(341, 'vn-nl07.wav', 1),
(342, 'vn-nl08.wav', 1),
(343, 'vn-sy48.wav', 1),
(344, 'vn-sa.5.wav', 1),
(345, 'vn-kr07.wav', 1),
(346, 'vn-cl28.wav', 1),
(347, 'vn-qcy.2.wav', 1),
(348, 'vn-incso.1.wav', 1),
(349, 'vn-qcy.3.wav', 1),
(350, 'vn-qcy.4.wav', 1),
(351, 'vn-nl09.wav', 1),
(352, 'vn-sa.6.wav', 1),
(353, 'vn-sy49.wav', 1),
(354, 'vn-sy50.wav', 1),
(355, 'vn-sc09.wav', 1),
(356, 'vn-sy51.wav', 1),
(357, 'vn-sa.7.wav', 1),
(358, 'vn-sa.8.wav', 1),
(359, 'vn-cl29.wav', 1),
(360, 'vn-sy52.wav', 1),
(361, 'vn-cl30.wav', 1),
(362, 'vn-ca.2.wav', 1),
(363, 'vn-ch05.wav', 1),
(364, 'vn-ch06.wav', 1),
(365, 'vn-ch07.wav', 1),
(366, 'vn-ch08.wav', 1),
(367, 'vn-ar13.wav', 1),
(368, 'vn-ar14.wav', 1),
(369, 'vn-he01.wav', 1),
(370, 'vn-ls06.wav', 1),
(371, 'vn-ls07.wav', 1),
(372, 'vn-he02.wav', 1),
(373, 'vn-mo07.wav', 1),
(374, 'vn-fe20.wav', 1),
(375, 'vn-ar15.wav', 1),
(376, 'vn-br07.wav', 1),
(377, 'vn-ar16.wav', 1),
(378, 'vn-bg06.wav', 1),
(379, 'vn-bl09.wav', 1),
(380, 'vn-bs32.wav', 1),
(381, 'vn-bs33.wav', 1),
(382, 'vn-th01.wav', 1),
(383, 'vn-th02.wav', 1),
(384, 'vn-ar17.wav', 1),
(385, 'vn-th03.wav', 1),
(386, 'vn-th04.wav', 1),
(387, 'vn-bl10.wav', 1),
(388, 'vn-in12.wav', 1),
(389, 'vn-mo08.wav', 1),
(390, 'vn-mo09.wav', 1),
(391, 'vn-nl10.wav', 1),
(392, 'vn-nl11.wav', 1),
(393, 'vn-nl12.wav', 1),
(394, 'vn-incnl.1.wav', 1),
(395, 'vn-nl13.wav', 1),
(396, 'vn-nl14.wav', 1),
(397, 'vn-th05.wav', 1),
(398, 'vn-th06.wav', 1),
(399, 'vn-th07.wav', 1),
(400, 'vn-th08.wav', 1),
(401, 'vn-th09.wav', 1),
(402, 'vn-mj.1.wav', 1),
(403, 'vn-pr10.wav', 1),
(404, 'vn-pr11.wav', 1),
(405, 'vn-pr12.wav', 1),
(406, 'vn-pr13.wav', 1),
(407, 'vn-pr14.wav', 1),
(408, 'vn-rq.1.wav', 1),
(409, 'vn-rq.2.wav', 1),
(410, 'vn-pr15.wav', 1),
(411, 'vn-in14.wav', 1),
(412, 'vn-in13.wav', 1),
(413, 'vn-rq.3.wav', 1),
(414, 'vn-rq.4.wav', 1),
(415, 'vn-rq.5.wav', 1),
(416, 'vn-dd02.wav', 1),
(417, 'vn-in15.wav', 1),
(418, 'vn-nl15.wav', 1),
(419, 'vn-dg02.wav', 1),
(420, 'vn-dg03.wav', 1),
(421, 'vn-dg04.wav', 1),
(422, 'vn-pc02.wav', 1),
(423, 'vn-pc03.wav', 1),
(424, 'vn-sy53.wav', 1),
(425, 'vn-sy54.wav', 1),
(426, 'vn-sy55.wav', 1),
(427, 'vn-sy56.wav', 1),
(428, 'vn-bl11.wav', 1),
(429, 'vn-ls08.wav', 1),
(430, 'vn-lsozo.1.wav', 1),
(431, 'vn-in16.wav', 1),
(432, 'vn-ls09.wav', 1),
(433, 'vn-ls10.wav', 1),
(434, 'vn-mo10.wav', 1),
(435, 'vn-bs34.wav', 1),
(436, 'vn-ccoba.1.wav', 1),
(437, 'vn-in17.wav', 1),
(438, 'vn-cl31.wav', 1),
(439, 'vn-qiv.1.wav', 1),
(440, 'vn-cl32.wav', 1),
(441, 'vn-so10.wav', 1),
(442, 'vn-so11.wav', 1),
(443, 'vn-cl33.wav', 1),
(444, 'vn-cl34.wav', 1),
(445, 'vn-cl35.wav', 1),
(446, 'vn-so12.wav', 1),
(447, 'vn-cl36.wav', 1),
(448, 'vn-br08.wav', 1),
(449, 'vn-iv04.wav', 1),
(450, 'vn-pr16.wav', 1),
(451, 'vn-kr08.wav', 1),
(452, 'vn-kr09.wav', 1),
(453, 'vn-in18.wav', 1),
(454, 'qvn-so02.wav', 1),
(455, 'vn-qso01.wav', 1),
(456, 'vn-qso03.wav', 1),
(457, 'vn-ju06.wav', 1),
(458, 'vn-bs35.wav', 1),
(459, 'vn-br09.wav', 1),
(460, 'vn-ro03.wav', 1),
(461, 'vn-iv05.wav', 1),
(462, 'vn-iv06.wav', 1),
(463, 'vn-iv07.wav', 1),
(464, 'vn-iv08.wav', 1),
(465, 'vn-iv09.wav', 1),
(466, 'vn-iv10.wav', 1),
(467, 'vn-iv11.wav', 1),
(468, 'vn-iv12.wav', 1),
(469, 'vn-rt.6.wav', 1),
(470, 'vn-sy57.wav', 1),
(471, 'vn-sa.9.wav', 1),
(472, 'vn-zo03.wav', 1),
(473, 'vn-zo04.wav', 1),
(474, 'vn-zo05.wav', 1),
(475, 'vn-zo06.wav', 1),
(476, 'vn-zo07.wav', 1),
(477, 'vn-zo08.wav', 1),
(478, 'vn-zo09.wav', 1),
(479, 'vn-zo.10.wav', 1),
(480, 'vn-in19.wav', 1),
(481, 'vn-iv13.wav', 1),
(482, 'vn-iv14.wav', 1),
(483, 'vn-sy58.wav', 1),
(484, 'vn-fe21.wav', 1),
(485, 'vn-fe22.wav', 1),
(486, 'vn-fe23.wav', 1),
(487, 'vn-ls11.wav', 1),
(488, 'vn-ch09.wav', 1),
(489, 'vn-ch10.wav', 1),
(490, 'vn-nl16.wav', 1),
(491, 'vn-in21.wav', 1),
(492, 'vn-kr10.wav', 1),
(493, 'vn-nl17.wav', 1),
(494, 'vn-ju07.wav', 1),
(495, 'vn-dd03.wav', 1),
(496, 'vn-br10.wav', 1),
(497, 'vn-mo11.wav', 1),
(498, 'vn-bl12.wav', 1),
(499, 'vn-bl13.wav', 1),
(500, 'vn-ju08.wav', 1),
(501, 'vn-ju09.wav', 1),
(502, 'vn-ch11.wav', 1),
(503, 'vn-ch12.wav', 1),
(504, 'vn-so13.wav', 1),
(505, 'vn-cy02.wav', 1),
(506, 'vn-cy03.wav', 1),
(507, 'vn-so14.wav', 1),
(508, 'vn-cy04.wav', 1),
(509, 'vn-so15.wav', 1),
(510, 'vn-cy05.wav', 1),
(511, 'vn-cy06.wav', 1),
(512, 'vn-so16.wav', 1),
(513, 'vn-sc10.wav', 1),
(514, 'vn-cl37.wav', 1),
(515, 'vn-so17.wav', 1),
(516, 'vn-sc11.wav', 1),
(517, 'vn-bl14.wav', 1),
(518, 'vn-bl15.wav', 1),
(519, 'vn-bl16.wav', 1),
(520, 'vn-bl17.wav', 1),
(521, 'vn-iv15.wav', 1),
(522, 'vn-zz01.wav', 1),
(523, 'vn-zz02.wav', 1),
(524, 'vn-zz03.wav', 1),
(525, 'vn-zz04.wav', 1),
(526, 'vn-zz05.wav', 1),
(527, 'vn-zz06.wav', 1),
(528, 'vn-zz07.wav', 1),
(529, 'vn-zz08.wav', 1),
(530, 'vn-zz09.wav', 1),
(531, 'vn-zz10.wav', 1),
(532, 'vn-zz11.wav', 1),
(533, 'vn-zz12.wav', 1),
(534, 'vn-zz13.wav', 1),
(535, 'vn-in22.wav', 1),
(536, 'vn-zz14.wav', 1),
(537, 'vn-ar18.wav', 1),
(538, 'vn-mo12.wav', 1),
(539, 'vn-ar19.wav', 1),
(540, 'vn-dd04.wav', 1),
(541, 'vn-dd05.wav', 1),
(542, 'vn-dd06.wav', 1),
(543, 'vn-dd07.wav', 1),
(544, 'vn-ju10.wav', 1),
(545, 'vn-fe24.wav', 1),
(546, 'vn-bs36.wav', 1),
(547, 'vn-he03.wav', 1),
(548, 'vn-in23.wav', 1),
(549, 'vn-he04.wav', 1),
(550, 'vn-nl18.wav', 1),
(551, 'vn-nl19.wav', 1),
(552, 'vn-nl20.wav', 1),
(553, 'vn-kr11.wav', 1),
(554, 'vn-kr12.wav', 1),
(555, 'vn-kr13.wav', 1),
(556, 'vn-kr14.wav', 1),
(557, 'vn-dd08.wav', 1),
(558, 'vn-dd12.wav', 1),
(559, 'vn-dd13.wav', 1),
(560, 'vn-dd14.wav', 1),
(561, 'vn-dd15.wav', 1),
(562, 'vn-dd09.wav', 1),
(563, 'vn-dd10.wav', 1),
(564, 'vn-dd11.wav', 1),
(565, 'vn-dd16.wav', 1),
(566, 'vn-dd17.wav', 1),
(567, 'vn-dn.1.wav', 1),
(568, 'vn-th10.wav', 1),
(569, 'vn-th.11.wav', 1),
(570, 'vn-ju11.wav', 1);

-- --------------------------------------------------------

--
-- Structure de la table `record_flat`
--

CREATE TABLE `record_flat` (
  `id` int UNSIGNED NOT NULL,
  `filename` varchar(255) NOT NULL,
  `filesize` smallint UNSIGNED NOT NULL,
  `rg_sample` text,
  `rg_xchg` int DEFAULT NULL,
  `pos` int DEFAULT NULL,
  `ncalls` int DEFAULT NULL,
  `date` datetime DEFAULT NULL
) ENGINE=InnoDB DEFAULT CHARSET=utf8;

--
-- Déchargement des données de la table `record_flat`
--

INSERT INTO `record_flat` (`id`, `filename`, `filesize`, `rg_sample`, `rg_xchg`, `pos`, `ncalls`, `date`) VALUES
(1, 'vn-rt01.wav', 1, '10', 13, 1, 1, '1990-09-19 07:50:00'),
(2, 'vn-ls01.wav', 1, '16', 29, 2, 6, '1990-09-20 07:03:00'),
(3, 'vn-mo01.wav', 1, '17', 31, 1, 2, '1990-09-20 07:14:00'),
(4, 'vn-ls02.wav', 1, '17', 31, 2, 2, '1990-09-20 07:14:00'),
(5, 'vn-ro01.wav', 1, '18', 35, 2, 3, '1990-09-20 07:27:00'),
(6, 'vn-br01.wav', 1, 'ad4', 46, 1, 3, '1990-09-20 09:38:00'),
(7, 'vn-rt02.wav', 1, 'ad4', 46, 2, 3, '1990-09-20 09:38:00'),
(8, 'vn-am01.wav', 1, 'ad5', 58, 1, 2, '1990-09-23 07:50:00'),
(9, 'vn-br02.wav', 1, '26', 61, 1, 5, '1990-09-23 07:58:00'),
(10, 'vn-mo02.wav', 1, '27', 64, 1, 4, '1990-09-23 08:08:00'),
(11, 'vn-ch01.wav', 1, '27', 64, 2, 4, '1990-09-23 08:08:00'),
(12, 'vn-mo03.wav', 1, 'ad6', 66, 2, 5, '1990-09-23 08:15:00'),
(13, 'vn-br03.wav', 1, 'ad6', 66, 3, 5, '1990-09-23 08:15:00'),
(14, 'vn-bg01.wav', 1, 'ad6', 66, 4, 5, '1990-09-23 08:15:00'),
(15, 'vn-qmo.1.wav', 1, '28', 68, 1, 4, '1990-09-23 08:19:00'),
(16, 'vn-br04.wav', 1, '28', 70, 1, 1, '1990-09-23 08:19:00'),
(17, 'vn-bl01.wav', 1, 'ad7', 73, 3, 4, '1990-09-23 00:00:00'),
(18, 'vn-bl02.wav', 1, 'ad7', 74, 3, 3, '1990-09-23 00:00:00'),
(19, 'vn-bl03.wav', 1, '29', 76, 1, 3, '1990-09-23 00:00:00'),
(20, 'vn-ny01.wav', 1, '29', 77, 1, 2, '1990-09-23 00:00:00'),
(21, 'vn-bl04.wav', 1, '29', 77, 2, 2, '1990-09-23 00:00:00'),
(22, 'vn-bl05.wav', 1, '29', 78, 1, 1, '1990-09-23 00:00:00'),
(23, 'vn-bl06.wav', 1, '29', 79, 1, 3, '1990-09-23 00:00:00'),
(24, 'vn-ny02.wav', 1, '29', 79, 2, 3, '1990-09-23 00:00:00'),
(25, 'vn-ny03.wav', 1, 'ad8', 81, 4, 9, '1990-09-23 00:00:00'),
(26, 'vn-qny01.wav', 1, 'ad8', 82, 1, 1, '1990-09-23 00:00:00'),
(27, 'vn-ny04.wav', 1, 'ad8', 84, 1, 2, '1990-09-23 00:00:00'),
(28, 'vn-zo01.wav', 1, '32', 89, 5, 5, '1990-09-23 00:00:00'),
(29, 'vn-qmj.1.wav', 1, '32', 89, NULL, 5, '1990-09-23 00:00:00'),
(30, 'vn-qmj.2.wav', 1, '32', 89, NULL, 5, '1990-09-23 00:00:00'),
(31, 'vn-qmj.3.wav', 1, '32', 89, NULL, 5, '1990-09-23 00:00:00'),
(32, 'vn-nl01.wav', 1, 'ad11', 108, 1, 3, '1990-09-26 00:00:00'),
(33, 'vn-qam01.wav', 1, '39', 116, 1, 1, '1990-09-26 00:00:00'),
(34, 'vn-qdd01.wav', 1, 'ad12', 121, 2, 4, '1990-09-26 00:00:00'),
(35, 'qvn-pc01.wav', 1, 'ad12', 122, 1, 3, '1990-09-26 00:00:00'),
(36, 'vn-ny05.wav', 1, '48', 142, 7, 8, '1990-09-26 00:00:00'),
(37, 'vn-ny06.wav', 1, '48', 144, 3, 6, '1990-09-26 00:00:00'),
(38, 'vn-ar01.wav', 1, '50', 151, 2, 5, '1990-09-26 00:00:00'),
(39, 'vn-ar02.wav', 1, '50', 152, 3, 4, '1990-09-26 00:00:00'),
(40, 'vn-ar03.wav', 1, '50', 153, 2, 3, '1990-09-26 00:00:00'),
(41, 'vn-mo04.wav', 1, '54', 163, 1, 1, '1990-09-27 00:00:00'),
(42, 'vn-ar04.wav', 1, 'ad13', 166, 6, 8, '1990-09-27 00:00:00'),
(43, 'vn-ju01.wav', 1, '58', 174, 1, 1, '1990-09-27 00:00:00'),
(44, 'vn-ar05.wav', 1, '59', 177, 6, 8, '1990-09-27 00:00:00'),
(45, 'vn-amoda01.wav', 1, '62', 184, 12, 12, '1990-09-27 00:00:00'),
(46, 'vn-qbl01.wav', 1, 'ad15', 186, 8, 9, '1990-09-27 00:00:00'),
(47, 'vn-bl07.wav', 1, '63', 188, 2, 3, '1990-09-27 00:00:00'),
(48, 'vn-ls03.wav', 1, '67', 201, NULL, 5, '1990-09-27 00:00:00'),
(49, 'vn-ju02.wav', 1, 'ad16b', 203, 1, 2, '1990-09-27 00:00:00'),
(50, 'vn-sy01.wav', 1, '67', 206, 2, 2, '1990-09-27 00:00:00'),
(51, 'vn-qzo01.wav', 1, 'ad17', 214, 7, 8, '1990-09-28 00:00:00'),
(52, 'vn-zo02.wav', 1, '71', 222, 1, 1, '1990-09-28 00:00:00'),
(53, 'vn-ar06.wav', 1, '73', 233, 4, 8, '1990-09-28 00:00:00'),
(54, 'vn-kr01.wav', 1, '75', 236, 10, 10, '1990-09-28 00:00:00'),
(55, 'vn-moosy01.wav', 1, 'ad19', 243, 1, 2, '1990-09-28 00:00:00'),
(56, 'vn-ch02.wav', 1, '77', 252, 5, 5, '1990-09-28 00:00:00'),
(57, 'vn-ls04.wav', 1, '77', 253, 3, 9, '1990-09-28 00:00:00'),
(58, 'vn-br05.wav', 1, '78', 256, 4, 10, '1990-09-28 00:00:00'),
(59, 'vn-ar07.wav', 1, '79', 261, 1, 1, '1990-09-28 00:00:00'),
(60, 'vn-ar08.wav', 1, '79', 262, 1, 4, '1990-09-28 00:00:00'),
(61, 'vn-bs01.wav', 1, 'ad21', 269, 1, 3, '1990-09-29 00:00:00'),
(62, 'qvn-da01.wav', 1, '84', 277, 1, 1, '1990-09-29 00:00:00'),
(63, 'vn-pm.1.wav', 1, '84', 278, 2, 5, '1990-09-29 00:00:00'),
(64, 'vn-da.1.wav', 1, 'ad23', 280, 1, 1, '1990-09-29 00:00:00'),
(65, 'qvn-da02.wav', 1, '86', 286, 3, 8, '1990-09-29 00:00:00'),
(66, 'qvn-da03.wav', 1, 'ad24', 291, 2, 6, '1990-09-29 00:00:00'),
(67, 'vn-pm.2.wav', 1, 'ad24', 292, 3, 7, '1990-09-29 00:00:00'),
(68, 'vn-qmj.4.wav', 1, 'ad24', 295, 5, 7, '1990-09-29 00:00:00'),
(69, 'vn-ny07.wav', 1, '90', 304, 1, 3, '1990-10-04 00:00:00'),
(70, 'vn-br06p.wav', 1, '90', 304, 2, 3, '1990-10-04 00:00:00'),
(71, 'vn-ny08.wav', 1, '90', 305, 1, 1, '1990-10-04 00:00:00'),
(72, 'vn-ny09.wav', 1, '90', 306, 2, 2, '1990-10-04 00:00:00'),
(73, 'vn-ny10.wav', 1, '91', 308, 1, 1, '1990-10-04 00:00:00'),
(74, 'qvn-br01.wav', 1, '91', 309, 1, 1, '1990-10-04 00:00:00'),
(75, 'vn-ny11.wav', 1, 'ad25', 314, 2, 4, '1990-10-04 00:00:00'),
(76, 'vn-qbr01.wav', 1, 'ad25', 314, 3, 4, '1990-10-04 00:00:00'),
(77, 'vn-nlopc01.wav', 1, 'ad25', 314, 4, 4, '1990-10-04 00:00:00'),
(78, 'qvn-in.1.wav', 1, '98', 333, 1, 1, '1990-10-04 00:00:00'),
(79, 'vn-ny12.wav', 1, '98', 334, 1, 1, '1990-10-04 00:00:00'),
(80, 'qvn-th01.wav', 1, '99', 336, 1, 2, '1990-10-04 00:00:00'),
(81, 'vn-ar09.wav', 1, '100', 339, 1, 3, '1990-10-04 00:00:00'),
(82, 'vn-ar10.wav', 1, '100', 340, 1, 1, '1990-10-04 00:00:00'),
(83, 'vn-ar11.wav', 1, '100', 341, 2, 2, '1990-10-04 00:00:00'),
(84, 'vn-ch03.wav', 1, '101', 344, 3, 4, '1990-10-04 00:00:00'),
(85, 'vn-am02.wav', 1, '101', 344, 4, 4, '1990-10-04 00:00:00'),
(86, 'vn-qar01.wav', 1, 'ad26', 351, 2, 9, '1990-10-04 00:00:00'),
(87, 'vn-ro02.wav', 1, '103', 353, 10, 15, '1990-10-04 00:00:00'),
(88, 'vn-ny13.wav', 1, '105', 358, 5, 5, '1990-10-05 00:00:00'),
(89, 'vn-sy02.wav', 1, '106', 360, 1, 1, '1990-10-05 00:00:00'),
(90, 'vn-sy03.wav', 1, '106', 361, 1, 1, '1990-10-05 00:00:00'),
(91, 'vn-cl01.wav', 1, '110', 370, 1, 1, '1990-10-05 00:00:00'),
(92, 'vn-qsy01.wav', 1, '113', 377, 1, 1, '1990-10-05 00:00:00'),
(93, 'vn-bl08.wav', 1, 'ad27', 386, 6, 6, '1990-10-05 00:00:00'),
(94, 'vn-cl02.wav', 1, 'ad27', 387, 1, 4, '1990-10-05 00:00:00'),
(95, 'vn-cl03.wav', 1, 'ad27', 388, 1, 3, '1990-10-05 00:00:00'),
(96, 'vn-cl04.wav', 1, '117', 390, 1, 4, '1990-10-05 00:00:00'),
(97, 'vn-cl05.wav', 1, '117', 391, 1, 1, '1990-10-05 00:00:00'),
(98, 'vn-cl06.wav', 1, '118', 393, 1, 1, '1990-10-05 00:00:00'),
(99, 'vn-cl07.wav', 1, '118', 397, 1, 2, '1990-10-05 00:00:00'),
(100, 'vn-sc01.wav', 1, '118', 397, 2, 2, '1990-10-05 00:00:00'),
(101, 'vn-cl08.wav', 1, '119', 399, 1, 2, '1990-10-05 00:00:00'),
(102, 'vn-sc02.wav', 1, '119', 399, 2, 2, '1990-10-05 00:00:00'),
(103, 'vn-cl09.wav', 1, '119', 400, 2, 5, '1990-10-05 00:00:00'),
(104, 'vn-sc03.wav', 1, '119', 400, 5, 5, '1990-10-05 00:00:00'),
(105, 'vn-cl10.wav', 1, 'ad28', 402, 2, 5, '1990-10-05 00:00:00'),
(106, 'vn-sc04.wav', 1, 'ad28', 402, 4, 5, '1990-10-05 00:00:00'),
(107, 'vn-kr02.wav', 1, 'ad28', 402, 5, 5, '1990-10-05 00:00:00'),
(108, 'vn-rt03.wav', 1, '121', 408, 1, 1, '1990-10-06 00:00:00'),
(109, 'vn-rt04.wav', 1, '121', 410, 1, 1, '1990-10-06 00:00:00'),
(110, 'vn-ny14.wav', 1, '122', 413, 1, 1, '1990-10-06 00:00:00'),
(111, 'vn-mo05.wav', 1, '124', 422, 4, 4, '1990-10-06 00:00:00'),
(112, 'vn-qmo.2.wav', 1, 'ad30', 434, 3, 6, '1990-10-06 00:00:00'),
(113, 'vn-ls05p.wav', 1, '127', 441, 6, 8, '1990-10-06 00:00:00'),
(114, 'vn-rt05.wav', 1, 'ad31', 452, 4, 4, '1990-10-10 00:00:00'),
(115, 'vn-ar12.wav', 1, '143', 469, 2, 4, '1990-10-10 00:00:00'),
(116, 'vn-ag.1.wav', 1, '143', 469, 3, 4, '1990-10-10 00:00:00'),
(117, 'vn-ag.2.wav', 1, '143', 470, 1, 1, '1990-10-10 00:00:00'),
(118, 'vn-blobs01.wav', 1, '145', 476, 2, 6, '1990-10-10 00:00:00'),
(119, 'vn-fe01.wav', 1, 'ad35', 502, 1, 1, '1990-10-12 00:00:00'),
(120, 'vn-mo06.wav', 1, '156', 505, 2, 5, '1990-10-12 00:00:00'),
(121, 'qvn-da04.wav', 1, 'ad36', 508, 1, 1, '1990-10-12 00:00:00'),
(122, 'qvn-da05.wav', 1, 'ad36', 509, 1, 1, '1990-10-12 00:00:00'),
(123, 'vn-fe02.wav', 1, 'ad37', 519, 1, 1, '1990-10-12 00:00:00'),
(124, 'vn-qfe.1.wav', 1, '165', 525, 2, 2, '1990-10-12 00:00:00'),
(125, 'vn-sa.1.wav', 1, '167', 530, 1, 2, '1990-10-15 00:00:00'),
(126, 'vn-sy04.wav', 1, '167', 530, 2, 2, '1990-10-15 00:00:00'),
(127, 'vn-sy05.wav', 1, '167', 531, 5, 9, '1990-10-15 00:00:00'),
(128, 'vn-sa.2.wav', 1, '167', 531, 6, 9, '1990-10-15 00:00:00'),
(129, 'vn-sy06.wav', 1, '167', 531, 8, 9, '1990-10-15 00:00:00'),
(130, 'vn-sa.3.wav', 1, '167', 533, 1, 2, '1990-10-15 00:00:00'),
(131, 'vn-sy07.wav', 1, '167', 533, 2, 2, '1990-10-15 00:00:00'),
(132, 'vn-pc01.wav', 1, 'ad39', 535, 3, 5, '1990-10-15 00:00:00'),
(133, 'vn-sy08.wav', 1, 'ad39', 536, 2, 4, '1990-10-15 00:00:00'),
(134, 'vn-sa.4.wav', 1, 'ad39', 536, 3, 4, '1990-10-15 00:00:00'),
(135, 'vn-pr01.wav', 1, 'ad40', 541, 1, 2, '1990-10-15 00:00:00'),
(136, 'vn-qmj.5.wav', 1, 'ad40', 542, 9, 11, '1990-10-15 00:00:00'),
(137, 'vn-md.1.wav', 1, '248', 542, 10, 11, '1990-10-15 00:00:00'),
(138, 'vn-sy09.wav', 1, 'ad40', 543, 4, 15, '1990-10-15 00:00:00'),
(139, 'vn-sy10.wav', 1, '177', 562, 1, 2, '1990-10-15 00:00:00'),
(140, 'vn-dd01.wav', 1, '177', 562, 2, 2, '1990-10-15 00:00:00'),
(141, 'qvn-he01.wav', 1, '180', 571, 4, 8, '1990-10-15 00:00:00'),
(142, 'qvn-he02.wav', 1, '180', 571, 6, 8, '1990-10-15 00:00:00'),
(143, 'qvn-he03.wav', 1, '181', 573, 2, 5, '1990-10-15 00:00:00'),
(144, 'qvn-dg01p.wav', 1, '181', 574, 2, 2, '1990-10-15 00:00:00'),
(145, 'vn-qbl02.wav', 1, 'ad43', 577, 2, 2, '1990-10-15 00:00:00'),
(146, 'vn-bs02.wav', 1, '184', 592, 3, 11, '1990-10-15 00:00:00'),
(147, 'vn-bs03.wav', 1, '184', 593, 1, 2, '1990-10-15 00:00:00'),
(148, 'vn-sy11.wav', 1, 'ad45', 598, 1, 2, '1990-10-16 00:00:00'),
(149, 'vn-fe03.wav', 1, '185', 600, 4, 6, '1990-10-16 00:00:00'),
(150, 'vn-ju03.wav', 1, '186', 605, 1, 6, '1990-10-16 00:00:00'),
(151, 'vn-kr03.wav', 1, '187', 611, 1, 3, '1990-10-16 00:00:00'),
(152, 'vn-fe04.wav', 1, '189', 618, 11, 11, '1990-10-16 00:00:00'),
(153, 'vn-kr04.wav', 1, '189', 619, 1, 1, '1990-10-16 00:00:00'),
(154, 'vn-cl11.wav', 1, '191', 622, 2, 2, '1990-10-16 00:00:00'),
(155, 'qvn-kr02.wav', 1, '192', 629, 1, 4, '1990-10-16 00:00:00'),
(156, 'vn-sy12.wav', 1, '195', 629, 2, 4, '1990-10-16 00:00:00'),
(157, 'qvn-rt.1.wav', 1, 'ad46', 631, 5, 7, '1990-10-16 00:00:00'),
(158, 'vn-pr02.wav', 1, '197', 637, 6, 6, '1990-10-16 00:00:00'),
(159, 'vn-sy13.wav', 1, '202', 650, 6, 6, '1990-10-17 00:00:00'),
(160, 'vn-cl12.wav', 1, '204', 652, 3, 4, '1990-10-17 00:00:00'),
(161, 'qvn-so01p.wav', 1, '207', 657, 2, 2, '1990-10-17 00:00:00'),
(162, 'vn-so01p.wav', 1, '207', 658, 4, 12, '1990-10-17 00:00:00'),
(163, 'vn-so02.wav', 1, '207', 658, 9, 12, '1990-10-17 00:00:00'),
(164, 'vn-bs04.wav', 1, 'ad47a', 661, 2, 3, '1990-10-17 00:00:00'),
(165, 'vn-so03.wav', 1, 'ad47', 663, 1, 2, '1990-10-17 00:00:00'),
(166, 'vn-in.1p.wav', 1, 'ad47', 663, 2, 2, '1990-10-17 00:00:00'),
(167, 'vn-so04.wav', 1, 'ad47a', 664, 1, 1, '1990-10-17 00:00:00'),
(168, 'vn-so05.wav', 1, 'ad47a', 665, 1, 2, '1990-10-17 00:00:00'),
(169, 'vn-in.2.wav', 1, '208', 667, 1, 14, '1990-10-17 00:00:00'),
(170, 'vn-so06.wav', 1, '208', 667, 3, 14, '1990-10-17 00:00:00'),
(171, 'vn-sy14.wav', 1, '208', 667, 5, 14, '1990-10-17 00:00:00'),
(172, 'vn-soosy01.wav', 1, '208', 667, 10, 14, '1990-10-17 00:00:00'),
(173, 'vn-soosy02.wav', 1, '208', 667, 12, 14, '1990-10-17 00:00:00'),
(174, 'vn-soosy03.wav', 1, '208', 669, 1, 5, '1990-10-17 00:00:00'),
(175, 'vn-sy15.wav', 1, '208', 669, 4, 5, '1990-10-17 00:00:00'),
(176, 'vn-sy16.wav', 1, '208', 670, 3, 5, '1990-10-17 00:00:00'),
(177, 'vn-sy17.wav', 1, '208', 670, 5, 5, '1990-10-17 00:00:00'),
(178, 'vn-sy18.wav', 1, '208', 671, 2, 6, '1990-10-17 00:00:00'),
(179, 'vn-sy19.wav', 1, '208', 671, 5, 6, '1990-10-17 00:00:00'),
(180, 'vn-sy20.wav', 1, '208', 672, 2, 6, '1990-10-17 00:00:00'),
(181, 'vn-sy21.wav', 1, '208', 673, 4, 5, '1990-10-17 00:00:00'),
(182, 'vn-sy22.wav', 1, '208', 674, 1, 7, '1990-10-17 00:00:00'),
(183, 'vn-sy23.wav', 1, '208', 674, 3, 7, '1990-10-17 00:00:00'),
(184, 'vn-sy24.wav', 1, '208', 675, 5, 7, '1990-10-17 00:00:00'),
(185, 'vn-sy25.wav', 1, '209', 677, 1, 1, '1990-10-17 00:00:00'),
(186, 'vn-bs05.wav', 1, '209', 678, 1, 1, '1990-10-17 00:00:00'),
(187, 'vn-sy26.wav', 1, 'ad47b', 681, 1, 2, '1990-10-17 00:00:00'),
(188, 'vn-in.3.wav', 1, '210', 685, 1, 5, '1990-10-17 00:00:00'),
(189, 'vn-sy27.wav', 1, '210', 685, 2, 5, '1990-10-17 00:00:00'),
(190, 'vn-in.4p.wav', 1, '210', 685, 3, 5, '1990-10-17 00:00:00'),
(191, 'vn-in.5.wav', 1, '210', 686, 1, 2, '1990-10-17 00:00:00'),
(192, 'vn-sy28.wav', 1, '210', 686, 2, 2, '1990-10-17 00:00:00'),
(193, 'vn-cl13.wav', 1, '211', 690, 5, 6, '1990-10-17 00:00:00'),
(194, 'vn-clodg01.wav', 1, 'ad47b', 692, 1, 1, '1990-10-17 00:00:00'),
(195, 'vn-bs06.wav', 1, 'ad47b', 694, 3, 5, '1990-10-17 00:00:00'),
(196, 'vn-bs07.wav', 1, 'ad47b', 695, 1, 4, '1990-10-17 00:00:00'),
(197, 'vn-sy29.wav', 1, 'ad47c', 695, 2, 4, '1990-10-17 00:00:00'),
(198, 'vn-nl02.wav', 1, '212', 698, 1, 6, '1990-10-17 00:00:00'),
(199, 'vn-sy30.wav', 1, '212', 698, 2, 6, '1990-10-17 00:00:00'),
(200, 'vn-pr03.wav', 1, '212', 698, 3, 6, '1990-10-17 00:00:00'),
(201, 'vn-nl03.wav', 1, '212', 698, 4, 6, '1990-10-17 00:00:00'),
(202, 'vn-sy31.wav', 1, '212', 699, 4, 4, '1990-10-17 00:00:00'),
(203, 'vn-qsy02.wav', 1, '212', 701, 1, 1, '1990-10-17 00:00:00'),
(204, 'vn-ju04.wav', 1, '213', 703, 1, 4, '1990-10-17 00:00:00'),
(205, 'vn-sy32.wav', 1, '213', 703, 2, 4, '1990-10-17 00:00:00'),
(206, 'vn-qkr01.wav', 1, '213', 703, 4, 4, '1990-10-17 00:00:00'),
(207, 'vn-sy33.wav', 1, '213', 704, 2, 5, '1990-10-17 00:00:00'),
(208, 'vn-qpr.1.wav', 1, '213', 704, 3, 5, '1990-10-17 00:00:00'),
(209, 'vn-bs08.wav', 1, '213', 706, 1, 1, '1990-10-17 00:00:00'),
(210, 'vn-sy35.wav', 1, 'ad47c2', 708, 1, 3, '1990-10-17 00:00:00'),
(211, 'vn-in.6.wav', 1, 'ad47b2', 708, 2, 3, '1990-10-17 00:00:00'),
(212, 'vn-sy36.wav', 1, 'ad47c2', 708, 3, 3, '1990-10-17 00:00:00'),
(213, 'vn-pr04.wav', 1, '221', 722, 4, 4, '1990-10-17 00:00:00'),
(214, 'vn-qsy03.wav', 1, '221', 724, 3, 5, '1990-10-17 00:00:00'),
(215, 'vn-iv01p.wav', 1, '222', 729, 1, 2, '1990-10-17 00:00:00'),
(216, 'vn-sy37p.wav', 1, '222', 729, 2, 2, '1990-10-17 00:00:00'),
(217, 'vn-bs09p.wav', 1, '222', 730, 1, 3, '1990-10-17 00:00:00'),
(218, 'vn-sy38.wav', 1, '222', 730, 2, 3, '1990-10-17 00:00:00'),
(219, 'vn-iv02.wav', 1, '222', 730, 3, 3, '1990-10-17 00:00:00'),
(220, 'qvn-in.2P.wav', 1, '222', 732, 1, 7, '1990-10-17 00:00:00'),
(221, 'qvn-in.3P.wav', 1, '222', 732, 2, 7, '1990-10-17 00:00:00'),
(222, 'vn-nl04p.wav', 1, '222', 732, 5, 7, '1990-10-17 00:00:00'),
(223, 'vn-sy39.wav', 1, '222', 732, 6, 7, '1990-10-17 00:00:00'),
(224, 'vn-sy40p.wav', 1, '222', 733, 4, 8, '1990-10-17 00:00:00'),
(225, 'vn-sy41p.wav', 1, '222', 734, 7, 9, '1990-10-17 00:00:00'),
(226, 'vn-qsy04.wav', 1, '222', 737, 8, 12, '1990-10-17 00:00:00'),
(227, 'vn-sy42p.wav', 1, '223', 739, 1, 4, '1990-10-17 00:00:00'),
(228, 'vn-sy43.wav', 1, '223', 740, 2, 4, '1990-10-17 00:00:00'),
(229, 'vn-bs10p.wav', 1, '223', 742, 2, 3, '1990-10-17 00:00:00'),
(230, 'vn-kr05.wav', 1, '224', 745, 5, 6, '1990-10-17 00:00:00'),
(231, 'vn-bg02.wav', 1, '224', 746, 1, 1, '1990-10-17 00:00:00'),
(232, 'vn-bs11.wav', 1, '224', 748, 1, 4, '1990-10-17 00:00:00'),
(233, 'vn-bg03.wav', 1, '224', 748, 4, 4, '1990-10-17 00:00:00'),
(234, 'vn-bg04p.wav', 1, '224', 750, 4, 4, '1990-10-17 00:00:00'),
(235, 'vn-pr05p.wav', 1, '224', 752, 6, 7, '1990-10-17 00:00:00'),
(236, 'vn-bg05p.wav', 1, '225', 755, 1, 2, '1990-10-17 00:00:00'),
(237, 'vn-in.7.wav', 1, '225', 755, 2, 2, '1990-10-17 00:00:00'),
(238, 'vn-ju05p.wav', 1, '225', 756, 2, 3, '1990-10-17 00:00:00'),
(239, 'vn-sy44.wav', 1, '225', 757, 2, 3, '1990-10-17 00:00:00'),
(240, 'vn-qro.1.wav', 1, '225', 758, 1, 3, '1990-10-17 00:00:00'),
(241, 'vn-sy45.wav', 1, '225', 758, 2, 3, '1990-10-17 00:00:00'),
(242, 'vn-qsy.5.wav', 1, 'ad48c', 762, 1, 1, '1990-10-17 00:00:00'),
(243, 'vn-dg.1p.wav', 1, '226', 768, 1, 1, '1990-10-18 00:00:00'),
(244, 'qvn-ju02.wav', 1, '226', 769, 1, 1, '1990-10-18 00:00:00'),
(245, 'vn-in.8p.wav', 1, 'ad49', 776, 1, 3, '1990-10-18 00:00:00'),
(246, 'vn-in.9.wav', 1, 'ad49', 776, 2, 3, '1990-10-18 00:00:00'),
(247, 'vn-cl14p.wav', 1, '229', 779, 2, 5, '1990-10-18 00:00:00'),
(248, 'vn-incbs.1.wav', 1, '235', 790, 1, 1, '1990-10-18 00:00:00'),
(249, 'vn-bs12p.wav', 1, '235', 791, 1, 1, '1990-10-18 00:00:00'),
(250, 'vn-bs13.wav', 1, '235', 792, 1, 3, '1990-10-18 00:00:00'),
(251, 'vn-fe05p.wav', 1, '235', 792, 2, 3, '1990-10-18 00:00:00'),
(252, 'vn-bs14.wav', 1, '235', 792, 3, 3, '1990-10-18 00:00:00'),
(253, 'vn-bs15p.wav', 1, '235', 793, 1, 3, '1990-10-18 00:00:00'),
(254, 'vn-fe06p.wav', 1, '235', 793, 2, 3, '1990-10-18 00:00:00'),
(255, 'vn-bs16p.wav', 1, '235', 793, 3, 3, '1990-10-18 00:00:00'),
(256, 'vn-bs17p.wav', 1, '235', 794, 1, 3, '1990-10-18 00:00:00'),
(257, 'vn-fe07p.wav', 1, '235', 794, 2, 3, '1990-10-18 00:00:00'),
(258, 'vn-bs18p.wav', 1, '235', 795, 1, 1, '1990-10-18 00:00:00'),
(259, 'vn-bs19p.wav', 1, '235', 796, 1, 1, '1990-10-18 00:00:00'),
(260, 'qvn-bs.1.wav', 1, '235', 797, 1, 3, '1990-10-18 00:00:00'),
(261, 'vn-fe08p.wav', 1, '235', 797, 2, 3, '1990-10-18 00:00:00'),
(262, 'vn-bs20p.wav', 1, '235', 797, 3, 3, '1990-10-18 00:00:00'),
(263, 'qvn-bs02.wav', 1, '236', 799, 1, 1, '1990-10-18 00:00:00'),
(264, 'vn-fe09.wav', 1, '236', 800, 1, 1, '1990-10-18 00:00:00'),
(265, 'qvn-bs03.wav', 1, '236', 801, 1, 2, '1990-10-18 00:00:00'),
(266, 'vn-fe10.wav', 1, '236', 801, 2, 2, '1990-10-18 00:00:00'),
(267, 'vn-bs21p.wav', 1, '236', 802, 1, 4, '1990-10-18 00:00:00'),
(268, 'vn-fe11p.wav', 1, '236', 802, 3, 4, '1990-10-18 00:00:00'),
(269, 'vn-bs22p.wav', 1, '236', 802, 4, 4, '1990-10-18 00:00:00'),
(270, 'qvn-bs04.wav', 1, '236', 803, 1, 1, '1990-10-18 00:00:00'),
(271, 'vn-bsofe01p.wav', 1, '236', 804, 2, 2, '1990-10-18 00:00:00'),
(272, 'vn-fe12.wav', 1, '236', 805, 1, 2, '1990-10-18 00:00:00'),
(273, 'vn-bs23p.wav', 1, '236', 806, 1, 3, '1990-10-18 00:00:00'),
(274, 'vn-fe13p.wav', 1, '236', 806, 2, 3, '1990-10-18 00:00:00'),
(275, 'vn-fe14.wav', 1, '236', 807, 1, 3, '1990-10-18 00:00:00'),
(276, 'vn-bn.1.wav', 1, '236', 807, 3, 3, '1990-10-18 00:00:00'),
(277, 'vn-bs24.wav', 1, 'ad50a', 809, 1, 3, '1990-10-18 00:00:00'),
(278, 'vn-fe15p.wav', 1, 'ad50a', 809, 3, 3, '1990-10-18 00:00:00'),
(279, 'vn-fe16.wav', 1, '237', 811, 1, 2, '1990-10-23 00:00:00'),
(280, 'vn-bs25.wav', 1, '237', 811, 2, 2, '1990-10-23 00:00:00'),
(281, 'vn-bsofe02.wav', 1, '237', 812, 1, 1, '1990-10-23 00:00:00'),
(282, 'vn-fe17.wav', 1, '237', 813, 1, 2, '1990-10-23 00:00:00'),
(283, 'vn-bs26.wav', 1, '237', 813, 2, 2, '1990-10-23 00:00:00'),
(284, 'vn-bs27.wav', 1, '237', 814, 1, 1, '1990-10-23 00:00:00'),
(285, 'vn-bs28.wav', 1, '237', 815, 1, 1, '1990-10-23 00:00:00'),
(286, 'vn-bsofe03p.wav', 1, '238', 817, 1, 1, '1990-10-23 00:00:00'),
(287, 'vn-fe18p.wav', 1, 'ad50b', 819, 1, 2, '1990-10-23 00:00:00'),
(288, 'vn-bs29p.wav', 1, 'ad50b', 819, 2, 2, '1990-10-23 00:00:00'),
(289, 'qvn-in.4P.wav', 1, 'ad50c', 821, 1, 8, '1990-10-23 00:00:00'),
(290, 'qvn-in05P.wav', 1, 'ad50c', 821, 2, 8, '1990-10-23 00:00:00'),
(291, 'vn-bs30.wav', 1, 'ad50c', 821, 3, 8, '1990-10-23 00:00:00'),
(292, 'vn-fe19.wav', 1, 'ad50c', 821, 7, 8, '1990-10-23 00:00:00'),
(293, 'vn-bs31.wav', 1, 'ad50c', 822, 1, 1, '1990-10-23 00:00:00'),
(294, 'qvn-bsofe03p.wav', 1, 'ad50c', 823, 1, 2, '1990-10-23 00:00:00'),
(295, 'qvn-bsofe04p.wav', 1, 'ad50c', 823, 2, 2, '1990-10-23 00:00:00'),
(296, 'vn-kr06.wav', 1, 'ad50c', 825, 1, 2, '1990-10-23 00:00:00'),
(297, 'vn-pr06.wav', 1, '240', 827, 3, 3, '1990-10-23 00:00:00'),
(298, 'vn-pr07.wav', 1, '240', 829, 1, 2, '1990-10-23 00:00:00'),
(299, 'vn-cl15.wav', 1, '241', 831, 3, 6, '1990-10-23 00:00:00'),
(300, 'vn-cl16.wav', 1, '241', 832, 1, 2, '1990-10-23 00:00:00'),
(301, 'vn-qsy.6.wav', 1, '241', 833, 1, 1, '1990-10-23 00:00:00'),
(302, 'vn-sc05.wav', 1, '242', 835, 5, 6, '1990-10-23 00:00:00'),
(303, 'vn-iv03.wav', 1, '243', 841, 2, 2, '1990-10-23 00:00:00'),
(304, 'vn-cl17.wav', 1, '244', 844, 1, 1, '1990-10-23 00:00:00'),
(305, 'vn-cl18.wav', 1, '244', 845, 1, 3, '1990-10-23 00:00:00'),
(306, 'vn-sc06.wav', 1, '244', 845, 2, 3, '1990-10-23 00:00:00'),
(307, 'vn-cl19.wav', 1, '244', 846, 1, 2, '1990-10-23 00:00:00'),
(308, 'vn-sc07.wav', 1, '244', 846, 2, 2, '1990-10-23 00:00:00'),
(309, 'vn-cl20.wav', 1, '244', 847, 1, 2, '1990-10-23 00:00:00'),
(310, 'vn-ch04.wav', 1, 'ad52', 852, 2, 5, '1990-10-23 00:00:00'),
(311, 'vn-nl05.wav', 1, 'Ad52', 852, 4, 5, '1990-10-23 00:00:00'),
(312, 'vn-qcl01.wav', 1, 'Ad53', 859, 3, 6, '1990-10-23 00:00:00'),
(313, 'vn-in10.wav', 1, 'ad53', 859, 4, 6, '1990-10-23 00:00:00'),
(314, 'vn-in11.wav', 1, 'ad53', 859, 5, 6, '1990-10-23 00:00:00'),
(315, 'vn-sy46.wav', 1, 'Ad53a', 860, 2, 7, '1990-10-23 00:00:00'),
(316, 'vn-cl21.wav', 1, 'ad53b', 863, 5, 7, '1990-10-23 00:00:00'),
(317, 'vn-qsc.1.wav', 1, '248', 866, 4, 5, '1990-10-23 00:00:00'),
(318, 'vn-ma.1.wav', 1, '248', 869, 1, 1, '1990-10-23 00:00:00'),
(319, 'vn-sc08.wav', 1, '249', 873, 2, 2, '1990-10-23 00:00:00'),
(320, 'vn-cloiv01.wav', 1, '249', 874, 1, 2, '1990-10-23 00:00:00'),
(321, 'vn-cloiv02.wav', 1, '249', 874, 2, 2, '1990-10-23 00:00:00'),
(322, 'vn-so07.wav', 1, '251', 879, 1, 7, '1990-10-23 00:00:00'),
(323, 'qvn-so03.wav', 1, '251', 879, 7, 7, '1990-10-23 00:00:00'),
(324, 'vn-so08.wav', 1, '251', 881, 1, 1, '1990-10-23 00:00:00'),
(325, 'vn-sy47.wav', 1, '252', 883, 2, 2, '1990-10-23 00:00:00'),
(326, 'vn-ca.1.wav', 1, 'ad55', 888, 1, 1, '1990-10-24 00:00:00'),
(327, 'vn-nl06.wav', 1, '255', 893, 3, 4, '1990-10-24 00:00:00'),
(328, 'vn-pr08.wav', 1, '256', 895, 1, 1, '1990-10-24 00:00:00'),
(329, 'vn-cl22.wav', 1, '259', 899, 4, 4, '1990-10-24 00:00:00'),
(330, 'vn-cl23.wav', 1, '259', 900, 1, 2, '1990-10-24 00:00:00'),
(331, 'vn-cl24.wav', 1, '259', 901, 1, 1, '1990-10-24 00:00:00'),
(332, 'vn-cl25.wav', 1, '259', 902, 1, 1, '1990-10-24 00:00:00'),
(333, 'vn-cl26.wav', 1, '259', 903, 1, 1, '1990-10-24 00:00:00'),
(334, 'vn-pr09.wav', 1, '260', 905, 1, 2, '1990-10-24 00:00:00'),
(335, 'vn-cl27.wav', 1, '260', 905, 2, 2, '1990-10-24 00:00:00'),
(336, 'qvn-iv01.wav', 1, '261', 909, 2, 2, '1990-10-24 00:00:00'),
(337, 'qvn-ma.1.wav', 1, '266', 917, 1, 2, '1990-10-24 00:00:00'),
(338, 'vn-qcy.1.wav', 1, '266', 917, 2, 2, '1990-10-24 00:00:00'),
(339, 'vn-chosy01.wav', 1, '267', 919, 1, 1, '1990-10-24 00:00:00'),
(340, 'vn-so09.wav', 1, 'ad58', 921, 1, 1, '1990-10-24 00:00:00'),
(341, 'vn-nl07.wav', 1, '270', 927, 2, 3, '1990-10-24 00:00:00'),
(342, 'vn-nl08.wav', 1, '271', 931, 6, 6, '1990-10-24 00:00:00'),
(343, 'vn-sy48.wav', 1, '272', 934, 1, 2, '1990-10-24 00:00:00'),
(344, 'vn-sa.5.wav', 1, '272', 934, 2, 2, '1990-10-24 00:00:00'),
(345, 'vn-kr07.wav', 1, '274', 938, 1, 3, '1990-10-25 00:00:00'),
(346, 'vn-cl28.wav', 1, '274', 938, 2, 3, '1990-10-25 00:00:00'),
(347, 'vn-qcy.2.wav', 1, '274', 938, 3, 3, '1990-10-25 00:00:00'),
(348, 'vn-incso.1.wav', 1, 'ad61', 941, 3, 3, '1990-10-25 00:00:00'),
(349, 'vn-qcy.3.wav', 1, '277', 945, 1, 3, '1990-10-25 00:00:00'),
(350, 'vn-qcy.4.wav', 1, '277', 945, 2, 3, '1990-10-25 00:00:00'),
(351, 'vn-nl09.wav', 1, '277', 945, 3, 3, '1990-10-25 00:00:00'),
(352, 'vn-sa.6.wav', 1, '278', 947, 1, 2, '1990-10-25 00:00:00'),
(353, 'vn-sy49.wav', 1, '278', 947, 2, 2, '1990-10-25 00:00:00'),
(354, 'vn-sy50.wav', 1, '278', 948, 1, 4, '1990-10-25 00:00:00'),
(355, 'vn-sc09.wav', 1, '278', 948, 2, 4, '1990-10-25 00:00:00'),
(356, 'vn-sy51.wav', 1, '278', 948, 3, 4, '1990-10-25 00:00:00'),
(357, 'vn-sa.7.wav', 1, '278', 948, 4, 4, '1990-10-25 00:00:00'),
(358, 'vn-sa.8.wav', 1, '278', 949, 1, 7, '1990-10-25 00:00:00'),
(359, 'vn-cl29.wav', 1, '278', 949, 6, 7, '1990-10-25 00:00:00'),
(360, 'vn-sy52.wav', 1, '278', 949, 7, 7, '1990-10-25 00:00:00'),
(361, 'vn-cl30.wav', 1, '280', 953, 1, 2, '1990-10-25 00:00:00'),
(362, 'vn-ca.2.wav', 1, '281', 955, 1, 2, '1990-10-25 00:00:00'),
(363, 'vn-ch05.wav', 1, '281', 955, 2, 2, '1990-10-25 00:00:00'),
(364, 'vn-ch06.wav', 1, '281', 956, 3, 4, '1990-10-25 00:00:00'),
(365, 'vn-ch07.wav', 1, '282', 958, 2, 2, '1990-10-25 00:00:00'),
(366, 'vn-ch08.wav', 1, '282', 959, 3, 3, '1990-10-25 00:00:00'),
(367, 'vn-ar13.wav', 1, '283', 963, 2, 5, '1990-10-26 00:00:00'),
(368, 'vn-ar14.wav', 1, '283', 964, 3, 6, '1990-10-26 00:00:00'),
(369, 'vn-he01.wav', 1, '284', 967, 3, 3, '1990-10-26 00:00:00'),
(370, 'vn-ls06.wav', 1, '284', 969, 1, 1, '1990-10-26 00:00:00'),
(371, 'vn-ls07.wav', 1, '284', 970, 1, 1, '1990-10-26 00:00:00'),
(372, 'vn-he02.wav', 1, '284', 971, 8, 9, '1990-10-26 00:00:00'),
(373, 'vn-mo07.wav', 1, 'ad65', 973, 20, 31, '1990-10-26 00:00:00'),
(374, 'vn-fe20.wav', 1, 'ad65', 973, 21, 31, '1990-10-26 00:00:00'),
(375, 'vn-ar15.wav', 1, '286', 980, 1, 5, '1990-10-26 00:00:00'),
(376, 'vn-br07.wav', 1, '286', 981, 1, 4, '1990-10-26 00:00:00'),
(377, 'vn-ar16.wav', 1, '286', 981, 2, 4, '1990-10-26 00:00:00'),
(378, 'vn-bg06.wav', 1, '286', 981, 3, 4, '1990-10-26 00:00:00'),
(379, 'vn-bl09.wav', 1, '286', 981, 4, 4, '1990-10-26 00:00:00'),
(380, 'vn-bs32.wav', 1, '288', 986, 1, 5, '1990-10-26 00:00:00'),
(381, 'vn-bs33.wav', 1, '288', 987, 1, 3, '1990-10-26 00:00:00'),
(382, 'vn-th01.wav', 1, '291', 995, 1, 2, '1990-10-26 00:00:00'),
(383, 'vn-th02.wav', 1, '291', 996, 1, 2, '1990-10-26 00:00:00'),
(384, 'vn-ar17.wav', 1, '292', 999, 10, 11, '1990-10-26 00:00:00'),
(385, 'vn-th03.wav', 1, '292', 999, 11, 11, '1990-10-26 00:00:00'),
(386, 'vn-th04.wav', 1, '293', 1003, 3, 7, '1990-10-26 00:00:00'),
(387, 'vn-bl10.wav', 1, '296', 1012, 2, 4, '1990-10-26 00:00:00'),
(388, 'vn-in12.wav', 1, 'ad68', 1015, 4, 9, '1990-10-26 00:00:00'),
(389, 'vn-mo08.wav', 1, '303', 1026, 7, 9, '1990-10-28 00:00:00'),
(390, 'vn-mo09.wav', 1, '303', 1026, 9, 9, '1990-10-28 00:00:00'),
(391, 'vn-nl10.wav', 1, '308', 1041, 2, 5, '1990-10-29 00:00:00'),
(392, 'vn-nl11.wav', 1, '308', 1042, 3, 3, '1990-10-29 00:00:00'),
(393, 'vn-nl12.wav', 1, '308', 1043, 1, 1, '1990-10-29 00:00:00'),
(394, 'vn-incnl.1.wav', 1, '309', 1045, 4, 4, '1990-10-29 00:00:00'),
(395, 'vn-nl13.wav', 1, '309', 1046, 4, 6, '1990-10-29 00:00:00'),
(396, 'vn-nl14.wav', 1, '309', 1047, 5, 5, '1990-10-29 00:00:00'),
(397, 'vn-th05.wav', 1, 'ad70', 1064, 1, 2, '1990-10-31 00:00:00'),
(398, 'vn-th06.wav', 1, 'ad70', 1065, 2, 2, '1990-10-31 00:00:00'),
(399, 'vn-th07.wav', 1, '316', 1070, 4, 6, '1990-10-31 00:00:00'),
(400, 'vn-th08.wav', 1, 'ad71', 1074, 2, 2, '1990-10-31 00:00:00'),
(401, 'vn-th09.wav', 1, '318', 1079, 4, 7, '1990-10-31 00:00:00'),
(402, 'vn-mj.1.wav', 1, '322', 1090, 1, 3, '1990-11-02 00:00:00'),
(403, 'vn-pr10.wav', 1, '322', 1090, 2, 3, '1990-11-02 00:00:00'),
(404, 'vn-pr11.wav', 1, '322', 1091, 1, 1, '1990-11-02 00:00:00'),
(405, 'vn-pr12.wav', 1, '322', 1092, 1, 4, '1990-11-02 00:00:00'),
(406, 'vn-pr13.wav', 1, '323', 1094, 1, 1, '1990-11-02 00:00:00'),
(407, 'vn-pr14.wav', 1, 'ad75', 1112, 8, 8, '1990-11-22 00:00:00'),
(408, 'vn-rq.1.wav', 1, '326', 1116, 3, 13, '1990-11-22 00:00:00'),
(409, 'vn-rq.2.wav', 1, '326', 1119, 2, 5, '1990-11-22 00:00:00'),
(410, 'vn-pr15.wav', 1, '326', 1119, 3, 5, '1990-11-22 00:00:00'),
(411, 'vn-in14.wav', 1, '326', 1121, 3, 5, '1990-11-22 00:00:00'),
(412, 'vn-in13.wav', 1, '326', 1121, 4, 5, '1990-11-22 00:00:00'),
(413, 'vn-rq.3.wav', 1, '327', 1125, 7, 7, '1990-11-22 00:00:00'),
(414, 'vn-rq.4.wav', 1, 'ad76', 1127, 1, 6, '1990-11-22 00:00:00'),
(415, 'vn-rq.5.wav', 1, '328', 1130, 3, 6, '1990-11-22 00:00:00'),
(416, 'vn-dd02.wav', 1, '329', 1132, 1, 1, '1990-11-22 00:00:00'),
(417, 'vn-in15.wav', 1, '330', 1134, 2, 2, '1990-11-22 00:00:00'),
(418, 'vn-nl15.wav', 1, '338', 1149, 5, 6, '1990-12-06 00:00:00'),
(419, 'vn-dg02.wav', 1, '339', 1153, 1, 4, '1990-12-06 00:00:00'),
(420, 'vn-dg03.wav', 1, '339', 1154, 2, 2, '1990-12-06 00:00:00'),
(421, 'vn-dg04.wav', 1, '339', 1155, 2, 2, '1990-12-06 00:00:00'),
(422, 'vn-pc02.wav', 1, '340', 1157, 1, 1, '1990-12-07 00:00:00'),
(423, 'vn-pc03.wav', 1, '340', 1158, 1, 2, '1990-12-07 00:00:00'),
(424, 'vn-sy53.wav', 1, '344', 1163, 1, 1, '1990-12-07 00:00:00'),
(425, 'vn-sy54.wav', 1, '344', 1164, 1, 1, '1990-12-07 00:00:00'),
(426, 'vn-sy55.wav', 1, '344', 1165, 1, 3, '1990-12-07 00:00:00'),
(427, 'vn-sy56.wav', 1, '344', 1166, 1, 1, '1990-12-07 00:00:00'),
(428, 'vn-bl11.wav', 1, '346', 1171, 3, 3, '1990-12-07 00:00:00'),
(429, 'vn-ls08.wav', 1, 'ad78a', 1176, 2, 2, '1990-12-07 00:00:00'),
(430, 'vn-lsozo.1.wav', 1, 'ad78a', 1177, 1, 1, '1990-12-07 00:00:00'),
(431, 'vn-in16.wav', 1, 'ad78b', 1181, 4, 4, '1990-12-07 00:00:00'),
(432, 'vn-ls09.wav', 1, '347', 1183, 3, 3, '1990-12-07 00:00:00'),
(433, 'vn-ls10.wav', 1, '347', 1185, 1, 3, '1990-12-07 00:00:00'),
(434, 'vn-mo10.wav', 1, 'ad79', 1188, 1, 2, '1990-12-08 00:00:00'),
(435, 'vn-bs34.wav', 1, 'ad79', 1188, 2, 2, '1990-12-08 00:00:00'),
(436, 'vn-ccoba.1.wav', 1, 'ad79', 1190, 2, 2, '1990-12-08 00:00:00'),
(437, 'vn-in17.wav', 1, '349', 1193, 2, 3, '1990-12-13 00:00:00'),
(438, 'vn-cl31.wav', 1, '355', 1203, 1, 1, '1990-12-13 00:00:00'),
(439, 'vn-qiv.1.wav', 1, '355', 1204, 1, 2, '1990-12-13 00:00:00'),
(440, 'vn-cl32.wav', 1, '355', 1204, 2, 2, '1990-12-13 00:00:00'),
(441, 'vn-so10.wav', 1, 'ad81', 1207, 10, 11, '1990-12-13 00:00:00'),
(442, 'vn-so11.wav', 1, '357', 1213, 1, 1, '1990-12-14 00:00:00'),
(443, 'vn-cl33.wav', 1, 'ad83', 1215, 2, 5, '1990-12-14 00:00:00'),
(444, 'vn-cl34.wav', 1, '358', 1218, 1, 5, '1990-12-14 00:00:00'),
(445, 'vn-cl35.wav', 1, '358', 1220, 1, 1, '1990-12-14 00:00:00'),
(446, 'vn-so12.wav', 1, '359', 1222, 2, 5, '1990-12-14 00:00:00'),
(447, 'vn-cl36.wav', 1, '359', 1222, 3, 5, '1990-12-14 00:00:00'),
(448, 'vn-br08.wav', 1, '361', 1233, 4, 7, '1990-12-14 00:00:00'),
(449, 'vn-iv04.wav', 1, 'ad85', 1239, 2, 3, '1990-12-14 00:00:00'),
(450, 'vn-pr16.wav', 1, '363', 1242, 1, 7, '1990-12-14 00:00:00'),
(451, 'vn-kr08.wav', 1, '365', 1249, 1, 3, '1990-12-14 00:00:00'),
(452, 'vn-kr09.wav', 1, '365', 1250, 1, 3, '1990-12-14 00:00:00'),
(453, 'vn-in18.wav', 1, 'ad86', 1253, NULL, 8, '1990-12-14 00:00:00'),
(454, 'qvn-so02.wav', 1, 'ad86-longo', 1253, NULL, 8, '1990-12-14 00:00:00'),
(455, 'vn-qso01.wav', 1, 'ad86-longo', 1253, NULL, 8, '1990-12-14 00:00:00'),
(456, 'vn-qso03.wav', 1, 'ad86-longo', 1253, NULL, 8, '1990-12-14 00:00:00'),
(457, 'vn-ju06.wav', 1, '366', 1256, 1, 2, '1990-12-14 00:00:00'),
(458, 'vn-bs35.wav', 1, '370', 1264, 3, 3, '1990-12-14 00:00:00'),
(459, 'vn-br09.wav', 1, 'ad87', 1266, 3, 4, '1990-12-14 00:00:00'),
(460, 'vn-ro03.wav', 1, '371', 1268, 2, 5, '1990-12-14 00:00:00'),
(461, 'vn-iv05.wav', 1, '373', 1277, 2, 5, '1990-12-14 00:00:00'),
(462, 'vn-iv06.wav', 1, '373', 1279, 2, 3, '1990-12-14 00:00:00'),
(463, 'vn-iv07.wav', 1, '374', 1282, 1, 1, '1990-12-14 00:00:00'),
(464, 'vn-iv08.wav', 1, '374', 1283, 2, 3, '1990-12-14 00:00:00'),
(465, 'vn-iv09.wav', 1, '374', 1284, 1, 8, '1990-12-14 00:00:00'),
(466, 'vn-iv10.wav', 1, 'ad88', 1286, 1, 6, '1990-12-14 00:00:00'),
(467, 'vn-iv11.wav', 1, 'ad88', 1287, 5, 5, '1990-12-14 00:00:00'),
(468, 'vn-iv12.wav', 1, 'ad88', 1288, 3, 5, '1990-12-14 00:00:00'),
(469, 'vn-rt.6.wav', 1, 'ad88', 1288, 5, 5, '1990-12-14 00:00:00'),
(470, 'vn-sy57.wav', 1, '375', 1291, 2, 3, '1990-12-15 00:00:00'),
(471, 'vn-sa.9.wav', 1, '375', 1291, 3, 3, '1990-12-15 00:00:00'),
(472, 'vn-zo03.wav', 1, '377', 1298, 2, 2, '1990-12-15 00:00:00'),
(473, 'vn-zo04.wav', 1, '377', 1300, 1, 1, '1990-12-15 00:00:00'),
(474, 'vn-zo05.wav', 1, '377', 1301, 8, 8, '1990-12-15 00:00:00'),
(475, 'vn-zo06.wav', 1, '377', 1302, 2, 3, '1990-12-15 00:00:00'),
(476, 'vn-zo07.wav', 1, '377', 1303, 3, 4, '1990-12-15 00:00:00'),
(477, 'vn-zo08.wav', 1, '377', 1304, 1, 1, '1990-12-15 00:00:00'),
(478, 'vn-zo09.wav', 1, '378', 1307, 2, 2, '1990-12-15 00:00:00'),
(479, 'vn-zo.10.wav', 1, '378', 1308, 1, 1, '1990-12-15 00:00:00'),
(480, 'vn-in19.wav', 1, '378', 1310, NULL, 9, '1990-12-15 00:00:00'),
(481, 'vn-iv13.wav', 1, 'ad89a', 1314, 11, 19, '1990-12-15 00:00:00'),
(482, 'vn-iv14.wav', 1, 'ad89a', 1317, 5, 5, '1990-12-15 00:00:00'),
(483, 'vn-sy58.wav', 1, 'ad89b', 1321, 6, 9, '1990-12-15 00:00:00'),
(484, 'vn-fe21.wav', 1, '379', 1325, 5, 5, '1990-12-16 00:00:00'),
(485, 'vn-fe22.wav', 1, '380', 1330, 2, 4, '1990-12-16 00:00:00'),
(486, 'vn-fe23.wav', 1, '380', 1333, 8, 8, '1990-12-16 00:00:00'),
(487, 'vn-ls11.wav', 1, '381', 1339, 3, 8, '1990-12-16 00:00:00'),
(488, 'vn-ch09.wav', 1, '382', 1342, 2, 2, '1990-12-16 00:00:00'),
(489, 'vn-ch10.wav', 1, '382', 1343, 1, 1, '1990-12-16 00:00:00'),
(490, 'vn-nl16.wav', 1, 'ad91', 1346, 2, 2, '1990-12-16 00:00:00'),
(491, 'vn-in21.wav', 1, '383', 1348, 3, 3, '1990-12-16 00:00:00'),
(492, 'vn-kr10.wav', 1, '383', 1353, 3, 10, '1990-12-16 00:00:00'),
(493, 'vn-nl17.wav', 1, '383', 1353, 8, 10, '1990-12-16 00:00:00'),
(494, 'vn-ju07.wav', 1, '389', 1373, 2, 4, '1990-12-16 00:00:00'),
(495, 'vn-dd03.wav', 1, 'ad94', 1375, 6, 10, '1990-12-16 00:00:00'),
(496, 'vn-br10.wav', 1, '391', 1380, 7, 8, '1990-12-16 00:00:00'),
(497, 'vn-mo11.wav', 1, '391', 1380, 8, 8, '1990-12-16 00:00:00'),
(498, 'vn-bl12.wav', 1, '394', 1388, 3, 3, '1990-12-16 00:00:00'),
(499, 'vn-bl13.wav', 1, '394', 1390, 3, 4, '1990-12-16 00:00:00'),
(500, 'vn-ju08.wav', 1, '395', 1392, 2, 3, '1990-12-16 00:00:00'),
(501, 'vn-ju09.wav', 1, '395', 1394, 2, 3, '1990-12-16 00:00:00'),
(502, 'vn-ch11.wav', 1, '396', 1401, 1, 1, '1991-01-08 00:00:00'),
(503, 'vn-ch12.wav', 1, '404', 1432, 4, 4, '1991-01-21 00:00:00'),
(504, 'vn-so13.wav', 1, '405', 1435, 1, 2, '1991-01-21 00:00:00'),
(505, 'vn-cy02.wav', 1, '405', 1435, 2, 2, '1991-01-21 00:00:00'),
(506, 'vn-cy03.wav', 1, '405', 1437, 3, 5, '1991-01-21 00:00:00'),
(507, 'vn-so14.wav', 1, '405', 1437, 4, 5, '1991-01-21 00:00:00'),
(508, 'vn-cy04.wav', 1, '405', 1439, 1, 3, '1991-01-21 00:00:00'),
(509, 'vn-so15.wav', 1, '405', 1439, 2, 3, '1991-01-21 00:00:00'),
(510, 'vn-cy05.wav', 1, '406', 1443, 4, 4, '1991-01-21 00:00:00'),
(511, 'vn-cy06.wav', 1, '406', 1444, 4, 8, '1991-01-21 00:00:00'),
(512, 'vn-so16.wav', 1, '406', 1444, 5, 8, '1991-01-21 00:00:00'),
(513, 'vn-sc10.wav', 1, 'ad100', 1453, 1, 3, '1991-01-21 00:00:00'),
(514, 'vn-cl37.wav', 1, 'ad101', 1463, 1, 1, '1991-01-21 00:00:00'),
(515, 'vn-so17.wav', 1, '419', 1465, 2, 2, '1991-01-21 00:00:00'),
(516, 'vn-sc11.wav', 1, '420', 1467, 5, 6, '1991-01-21 00:00:00'),
(517, 'vn-bl14.wav', 1, '424', 1477, 1, 3, '1991-01-23 00:00:00'),
(518, 'vn-bl15.wav', 1, '424', 1478, 2, 2, '1991-01-23 00:00:00'),
(519, 'vn-bl16.wav', 1, '425', 1483, 2, 6, '1991-01-23 00:00:00'),
(520, 'vn-bl17.wav', 1, '425', 1483, 6, 6, '1991-01-23 00:00:00'),
(521, 'vn-iv15.wav', 1, '426', 1485, 1, 1, '1991-01-23 00:00:00'),
(522, 'vn-zz01.wav', 1, '429', 1490, 1, 1, '1991-01-26 00:00:00'),
(523, 'vn-zz02.wav', 1, '429', 1491, 1, 1, '1991-01-26 00:00:00'),
(524, 'vn-zz03.wav', 1, '429', 1492, 1, 1, '1991-01-26 00:00:00'),
(525, 'vn-zz04.wav', 1, '429', 1493, 1, 1, '1991-01-26 00:00:00'),
(526, 'vn-zz05.wav', 1, '429', 1494, 1, 2, '1991-01-26 00:00:00'),
(527, 'vn-zz06.wav', 1, '429', 1495, 1, 1, '1991-01-26 00:00:00'),
(528, 'vn-zz07.wav', 1, '429', 1496, 1, 1, '1991-01-26 00:00:00'),
(529, 'vn-zz08.wav', 1, '429', 1497, 1, 1, '1991-01-26 00:00:00'),
(530, 'vn-zz09.wav', 1, '429', 1498, 1, 2, '1991-01-26 00:00:00'),
(531, 'vn-zz10.wav', 1, '429', 1499, 1, 1, '1991-01-26 00:00:00'),
(532, 'vn-zz11.wav', 1, '429', 1500, 1, 1, '1991-01-26 00:00:00'),
(533, 'vn-zz12.wav', 1, '429', 1501, 1, 1, '1991-01-26 00:00:00'),
(534, 'vn-zz13.wav', 1, '429', 1502, 1, 2, '1991-01-26 00:00:00'),
(535, 'vn-in22.wav', 1, '430', 1504, 1, 1, '1991-01-26 00:00:00'),
(536, 'vn-zz14.wav', 1, '430', 1505, 1, 2, '1991-01-26 00:00:00'),
(537, 'vn-ar18.wav', 1, 'ad102', 1509, 3, 7, '1991-01-27 00:00:00'),
(538, 'vn-mo12.wav', 1, '432', 1515, 1, 5, '1991-01-27 00:00:00'),
(539, 'vn-ar19.wav', 1, '432', 1515, 2, 5, '1991-01-27 00:00:00'),
(540, 'vn-dd04.wav', 1, '435', 1520, 3, 3, '1991-01-27 00:00:00'),
(541, 'vn-dd05.wav', 1, '435', 1521, 1, 4, '1991-01-27 00:00:00'),
(542, 'vn-dd06.wav', 1, '436', 1523, 1, 1, '1991-01-27 00:00:00'),
(543, 'vn-dd07.wav', 1, '436', 1526, 2, 2, '1991-01-27 00:00:00'),
(544, 'vn-ju10.wav', 1, '436', 1527, 1, 1, '1991-01-27 00:00:00'),
(545, 'vn-fe24.wav', 1, '437', 1530, 2, 4, '1991-01-27 00:00:00'),
(546, 'vn-bs36.wav', 1, '450', 1557, 1, 2, '1991-02-03 00:00:00'),
(547, 'vn-he03.wav', 1, '451', 1563, 4, 7, '1991-02-03 00:00:00'),
(548, 'vn-in23.wav', 1, '451', 1564, 2, 10, '1991-02-03 00:00:00'),
(549, 'vn-he04.wav', 1, '451', 1564, 3, 10, '1991-02-03 00:00:00'),
(550, 'vn-nl18.wav', 1, '454', 1573, 3, 3, '1991-02-03 00:00:00'),
(551, 'vn-nl19.wav', 1, '454', 1574, 3, 8, '1991-02-03 00:00:00'),
(552, 'vn-nl20.wav', 1, 'ad104', 1576, NULL, 7, '1991-02-03 00:00:00'),
(553, 'vn-kr11.wav', 1, '455', 1579, 1, 1, '1991-02-03 00:00:00'),
(554, 'vn-kr12.wav', 1, '456', 1581, 2, 2, '1991-02-03 00:00:00'),
(555, 'vn-kr13.wav', 1, '456', 1582, 3, 3, '1991-02-03 00:00:00'),
(556, 'vn-kr14.wav', 1, '456', 1583, 1, 2, '1991-02-03 00:00:00'),
(557, 'vn-dd08.wav', 1, '457', 1585, 1, 7, '1991-02-03 00:00:00'),
(558, 'vn-dd12.wav', 1, '457', 1586, 6, 8, '1991-02-03 00:00:00'),
(559, 'vn-dd13.wav', 1, '457', 1587, 1, 1, '1991-02-03 00:00:00'),
(560, 'vn-dd14.wav', 1, '458', 1589, 1, 1, '1991-02-03 00:00:00'),
(561, 'vn-dd15.wav', 1, '458', 1590, 1, 3, '1991-02-03 00:00:00'),
(562, 'vn-dd09.wav', 1, '458', 1591, 1, 2, '1991-02-03 00:00:00'),
(563, 'vn-dd10.wav', 1, '458', 1592, 3, 4, '1991-02-03 00:00:00'),
(564, 'vn-dd11.wav', 1, 'ad105', 1594, 4, 6, '1991-02-03 00:00:00'),
(565, 'vn-dd16.wav', 1, 'ad105', 1595, 1, 2, '1991-02-03 00:00:00'),
(566, 'vn-dd17.wav', 1, 'ad105', 1596, 2, 4, '1991-02-03 00:00:00'),
(567, 'vn-dn.1.wav', 1, 'ad105', 1596, 4, 4, '1991-02-03 00:00:00'),
(568, 'vn-th10.wav', 1, '459', 1598, 5, 5, '1991-02-03 00:00:00'),
(569, 'vn-th.11.wav', 1, '459', 1599, 5, 9, '1991-02-03 00:00:00'),
(570, 'vn-ju11.wav', 1, '459', 1600, 2, 2, '1991-02-03 00:00:00');

-- --------------------------------------------------------

--
-- Structure de la table `speaker`
--

CREATE TABLE `speaker` (
  `id` int UNSIGNED NOT NULL
) ENGINE=InnoDB DEFAULT CHARSET=utf8;

--
-- Déchargement des données de la table `speaker`
--

INSERT INTO `speaker` (`id`) VALUES
(2),
(3),
(4),
(5),
(6),
(7),
(8),
(9),
(10),
(11),
(12),
(13),
(14),
(15),
(16),
(17),
(18),
(19),
(20),
(21),
(22),
(23),
(24),
(25),
(26),
(27),
(28),
(29),
(30),
(31),
(32),
(33),
(34),
(35),
(36),
(37),
(38),
(39),
(40);

-- --------------------------------------------------------

--
-- Structure de la table `speaker_flat`
--

CREATE TABLE `speaker_flat` (
  `id` int UNSIGNED NOT NULL,
  `sex` text,
  `age` text,
  `name` text
) ENGINE=InnoDB DEFAULT CHARSET=utf8;

--
-- Déchargement des données de la table `speaker_flat`
--

INSERT INTO `speaker_flat` (`id`, `sex`, `age`, `name`) VALUES
(2, 'F', 'J', 'rita'),
(3, 'F', 'A', 'louise'),
(4, 'F', 'A', 'mona'),
(5, 'F', 'A', 'robin'),
(6, 'F', 'A', 'bruna'),
(7, 'M', 'S', 'americo'),
(8, 'F', 'A', 'cher'),
(9, 'F', 'J', 'brigitte'),
(10, 'F', 'A', 'blackie'),
(11, 'F', 'A', 'nancy'),
(12, 'M', 'A', 'zorro'),
(13, 'M', 'A', 'nilo'),
(14, 'F', 'S', 'pricila'),
(15, 'F', 'A', 'arlene'),
(16, 'F', 'S', 'julia'),
(17, 'F', 'A', 'sylvia'),
(18, 'F', 'S', 'karen'),
(19, 'F', 'A', 'bess'),
(20, 'M', 'S', 'daniel'),
(21, 'M', 'A', 'paremaguila'),
(22, 'F', 'S', 'thereza'),
(23, 'M', 'A', 'cutlip'),
(24, 'M', 'A', 'scruff'),
(25, 'M', 'J', 'angelo'),
(26, 'F', 'S', 'fernanda'),
(27, 'F', 'I', 'sandra'),
(28, 'M', 'A', 'preto'),
(29, 'F', 'I', 'madalena'),
(30, 'F', 'A', 'didi'),
(31, 'F', 'S', 'helena'),
(32, 'M', 'A', 'diego'),
(33, 'M', 'A', 'sony'),
(34, 'M', 'A', 'irv'),
(35, 'M', 'I', 'bernardo'),
(36, 'F', 'I', 'catarina'),
(37, 'M', 'A', 'risquinho'),
(38, 'M', 'A', 'clyde'),
(39, 'M', 'A', 'zoiudo'),
(40, 'F', 'I', 'dian');

-- --------------------------------------------------------

--
-- Structure de la table `user`
--

CREATE TABLE `user` (
  `id` int UNSIGNED NOT NULL,
  `login` varchar(45) NOT NULL,
  `password` varchar(45) NOT NULL,
  `name` varchar(45) NOT NULL
) ENGINE=InnoDB DEFAULT CHARSET=utf8;

--
-- Déchargement des données de la table `user`
--

INSERT INTO `user` (`id`, `login`, `password`, `name`) VALUES
(1, 'roland', 'motdepasse', 'roland');

--
-- Index pour les tables déchargées
--

--
-- Index pour la table `extra_files`
--
ALTER TABLE `extra_files`
  ADD PRIMARY KEY (`id`);

--
-- Index pour la table `meta`
--
ALTER TABLE `meta`
  ADD PRIMARY KEY (`id`),
  ADD UNIQUE KEY `field_name` (`field_name`);

--
-- Index pour la table `meta_values`
--
ALTER TABLE `meta_values`
  ADD PRIMARY KEY (`tuple_id`,`meta_id`),
  ADD KEY `meta_id` (`meta_id`);

--
-- Index pour la table `production`
--
ALTER TABLE `production`
  ADD PRIMARY KEY (`id`);

--
-- Index pour la table `production_flat`
--
ALTER TABLE `production_flat`
  ADD PRIMARY KEY (`id`);

--
-- Index pour la table `record`
--
ALTER TABLE `record`
  ADD PRIMARY KEY (`id`);

--
-- Index pour la table `record_flat`
--
ALTER TABLE `record_flat`
  ADD PRIMARY KEY (`id`);

--
-- Index pour la table `speaker`
--
ALTER TABLE `speaker`
  ADD PRIMARY KEY (`id`);

--
-- Index pour la table `speaker_flat`
--
ALTER TABLE `speaker_flat`
  ADD PRIMARY KEY (`id`);

--
-- Index pour la table `user`
--
ALTER TABLE `user`
  ADD PRIMARY KEY (`id`),
  ADD UNIQUE KEY `id_UNIQUE` (`id`);

--
-- AUTO_INCREMENT pour les tables déchargées
--

--
-- AUTO_INCREMENT pour la table `extra_files`
--
ALTER TABLE `extra_files`
  MODIFY `id` int NOT NULL AUTO_INCREMENT;

--
-- AUTO_INCREMENT pour la table `meta`
--
ALTER TABLE `meta`
  MODIFY `id` int UNSIGNED NOT NULL AUTO_INCREMENT, AUTO_INCREMENT=9;

--
-- AUTO_INCREMENT pour la table `production`
--
ALTER TABLE `production`
  MODIFY `id` int UNSIGNED NOT NULL AUTO_INCREMENT, AUTO_INCREMENT=571;

--
-- AUTO_INCREMENT pour la table `record`
--
ALTER TABLE `record`
  MODIFY `id` int UNSIGNED NOT NULL AUTO_INCREMENT, AUTO_INCREMENT=571;

--
-- AUTO_INCREMENT pour la table `speaker`
--
ALTER TABLE `speaker`
  MODIFY `id` int UNSIGNED NOT NULL AUTO_INCREMENT, AUTO_INCREMENT=41;

--
-- AUTO_INCREMENT pour la table `user`
--
ALTER TABLE `user`
  MODIFY `id` int UNSIGNED NOT NULL AUTO_INCREMENT, AUTO_INCREMENT=2;

--
-- Contraintes pour les tables déchargées
--

--
-- Contraintes pour la table `meta_values`
--
ALTER TABLE `meta_values`
  ADD CONSTRAINT `meta_values_ibfk_1` FOREIGN KEY (`meta_id`) REFERENCES `meta` (`id`) ON DELETE RESTRICT ON UPDATE RESTRICT;
COMMIT;

/*!40101 SET CHARACTER_SET_CLIENT=@OLD_CHARACTER_SET_CLIENT */;
/*!40101 SET CHARACTER_SET_RESULTS=@OLD_CHARACTER_SET_RESULTS */;
/*!40101 SET COLLATION_CONNECTION=@OLD_COLLATION_CONNECTION */;
